"Group","Ensembl id","Symbol","Entrezgene id","Chr","Type","Description"
"Upregulated","BRA001208"," ",NA,"A03","C","AT3G66652 (E=1e-128) | fip1 motif-containing protein "
"Upregulated","BRA004512"," ",NA,"A05","C","AT2G46740 (E=2e-304) | FAD-binding domain-containing protein "
"Upregulated","BRA004663"," ",NA,"A05","C","AT2G41960 (E=4e-231) | unknown protein "
"Upregulated","BRA005238"," ",NA,"A05","C","AT2G36870 (E=7e-165) | xyloglucan:xyloglucosyl transferase, putative / xyloglucan endotransglycosylase, putative / endo-xyloglucan transferase, putative "
"Upregulated","BRA007814"," ",103842207,"A09","C","AT2G25170 (E=0.0) PKL, GYM, CHD3, CHR6, SSL2 | PKL (PICKLE)"
"Upregulated","BRA007816"," ",103842208,"A09","C","AT2G25140 (E=0.0) HSP98.7, CLPB-M, CLPB4 | CLPB4 (CASEIN LYTIC PROTEINASE B4)"
"Upregulated","BRA008561"," ",NA,"A10","C","AT5G17330 (E=3e-266) GAD, GAD1 | GAD"
"Upregulated","BRA010652"," ",103835090,"A08","C","AT4G39850 (E=0.0) PXA1, PED3, CTS | PXA1 (PEROXISOMAL ABC TRANSPORTER 1)"
"Upregulated","BRA011346"," ",NA,"A01","C","AT4G32420 (E=6e-101) | peptidyl-prolyl cis-trans isomerase cyclophilin-type family protein "
"Upregulated","BRA011551"," ",NA,"A01","C","AT4G34670 (E=5e-119) | 40S ribosomal protein S3A (RPS3aB) "
"Upregulated","BRA011712"," ",NA,"A01","C","AT4G36860 (E=5e-264) | zinc ion binding "
"Upregulated","BRA013707"," ",103861182,"A01","C","AT4G23540 (E=0.0) | binding "
"Upregulated","BRA014918"," ",NA,"A07","C",""
"Upregulated","BRA015436"," ",NA,"A10","C","AT5G13000 (E=0.0) ATGSL12, gsl12 | ATGSL12 (glucan synthase-like 12)"
"Upregulated","BRA016615"," ",NA,"A08","C","AT1G17190 (E=3e-114) ATGSTU26, GSTU26 | ATGSTU26 (ARABIDOPSIS THALIANA GLUTATHIONE S-TRANSFERASE TAU 26)"
"Upregulated","BRA016689"," ",NA,"A08","C","AT1G14670 (E=5e-300) | endomembrane protein 70, putative "
"Upregulated","BRA018689"," ",NA,"A06","C","AT1G07770 (E=6e-069) RPS15A | RPS15A (ribosomal protein s15a)"
"Upregulated","BRA018986"," ",NA,"A06","C","AT1G52760 (E=8e-176) | esterase/lipase/thioesterase family protein "
"Upregulated","BRA019282"," ",NA,"A03","C","AT4G23650 (E=4e-206) CDPK6, CPK3 | CDPK6 (CALCIUM-DEPENDENT PROTEIN KINASE 6)"
"Upregulated","BRA020643"," ",NA,"A02","C","AT1G06900 (E=9e-092) | catalytic/ metal ion binding / metalloendopeptidase/ zinc ion binding "
"Upregulated","BRA021074"," ",NA,"A08","C",""
"Upregulated","BRA021945"," ",NA,"A04","C","AT2G35050 (E=0.0) | protein kinase family protein "
"Upregulated","BRA022091"," ",NA,"A02","C","AT5G47010 (E=0.0) UPF1, LBA1, ATUPF1 | LBA1 (LOW-LEVEL BETA-AMYLASE 1)"
"Upregulated","BRA022204"," ",NA,"A05","C","AT3G17240 (E=2e-248) mtLPD2 | mtLPD2 (LIPOAMIDE DEHYDROGENASE 2)"
"Upregulated","BRA022997"," ",NA,"A03","C","AT2G34930 (E=0.0) | disease resistance family protein "
"Upregulated","BRA026227"," ",NA,"A01","C","AT1G30580 (E=2e-186) | GTP binding "
"Upregulated","BRA027198"," ",NA,"A05","C","AT3G15950 (E=7e-264) NAI2 | NAI2 "
"Upregulated","BRA028531"," ",NA,"A02","C","AT1G02080 (E=0.0) | transcriptional regulator-related "
"Upregulated","BRA028982"," ",NA,"A03","C","AT5G55400 (E=0.0) | fimbrin-like protein, putative "
"Upregulated","BRA029577"," ",NA,"A09","C","AT4G05420 (E=0.0) DDB1A | DDB1A (DAMAGED DNA BINDING PROTEIN 1A)"
"Upregulated","BRA030697"," ",NA,"A08","C","AT1G07770 (E=2e-070) RPS15A | RPS15A (ribosomal protein s15a)"
"Upregulated","BRA030923"," ",NA,"A08","C","AT1G53730 (E=0.0) SRF6 | SRF6 (STRUBBELIG-RECEPTOR FAMILY 6)"
"Upregulated","BRA031330"," ",NA,"A05","C","AT3G22170 (E=0.0) FHY3 | FHY3 (FAR-RED ELONGATED HYPOCOTYLS 3)"
"Upregulated","BRA033287"," ",NA,"A10","C","AT1G01080 (E=3e-093) | 33 kDa ribonucleoprotein, chloroplast, putative / RNA-binding protein cp33, putative "
"Upregulated","BRA033627"," ",NA,"A06","C","AT4G39530 (E=0.0) | pentatricopeptide (PPR) repeat-containing protein "
"Upregulated","BRA035228"," ",NA,"A08","C","AT4G11380 (E=0.0) | beta-adaptin, putative "
"Upregulated","BRA036137"," ",NA,"A09","C","AT3G04320 (E=1e-053) | endopeptidase inhibitor "
"Upregulated","BRA036321"," ",NA,"A09","C","AT4G01610 (E=6e-175) | cathepsin B-like cysteine protease, putative "
"Upregulated","BRA036791"," ",NA,"A09","C","AT3G51560 (E=0.0) | ATP binding / protein binding / transmembrane receptor "
"Upregulated","BRA037137"," ",NA,"A09","C","AT5G66920 (E=8e-272) sks17 | sks17 (SKU5 Similar 17)"
"Upregulated","BRA038070"," ",NA,"A08","C","AT3G15980 (E=0.0) | coatomer protein complex, subunit beta 2 (beta prime), putative "
"Upregulated","BRA038327"," ",NA,"A02","C","AT1G69070 (E=0.0) | FUNCTIONS IN: molecular_function unknown"
"Upregulated","BRA040674"," ",NA,"","C","AT2G19480 (E=3e-128) NFA02, NFA2, NAP1"
"Upregulated","ENSRNA049460521"," Plant_U3",117128791,"A09","snoRNA","Plant small nucleolar RNA U3"
