bra00010	BRADO0157
bra00010	BRADO0344
bra00010	BRADO0409
bra00010	BRADO0741
bra00010	BRADO0757
bra00010	BRADO0921
bra00010	BRADO1120
bra00010	BRADO1122
bra00010	BRADO1124
bra00010	BRADO1185
bra00010	BRADO1339
bra00010	BRADO1387
bra00010	BRADO1573
bra00010	BRADO1575
bra00010	BRADO1576
bra00010	BRADO1655
bra00010	BRADO1658
bra00010	BRADO1707
bra00010	BRADO1815
bra00010	BRADO1937
bra00010	BRADO2034
bra00010	BRADO2457
bra00010	BRADO2485
bra00010	BRADO2486
bra00010	BRADO2866
bra00010	BRADO3141
bra00010	BRADO3321
bra00010	BRADO3573
bra00010	BRADO3897
bra00010	BRADO4083
bra00010	BRADO4084
bra00010	BRADO4086
bra00010	BRADO4087
bra00010	BRADO4094
bra00010	BRADO4107
bra00010	BRADO4115
bra00010	BRADO5093
bra00010	BRADO5308
bra00010	BRADO5480
bra00010	BRADO5486
bra00010	BRADO5801
bra00010	BRADO5802
bra00010	BRADO5809
bra00010	BRADO5849
bra00010	BRADO6353
bra00020	BRADO0232
bra00020	BRADO0233
bra00020	BRADO0234
bra00020	BRADO0235
bra00020	BRADO0393
bra00020	BRADO0403
bra00020	BRADO0404
bra00020	BRADO0405
bra00020	BRADO0406
bra00020	BRADO0407
bra00020	BRADO0409
bra00020	BRADO0613
bra00020	BRADO0614
bra00020	BRADO0741
bra00020	BRADO2485
bra00020	BRADO2714
bra00020	BRADO2759
bra00020	BRADO4083
bra00020	BRADO4084
bra00020	BRADO4086
bra00020	BRADO4087
bra00020	BRADO4126
bra00020	BRADO5016
bra00020	BRADO5584
bra00020	BRADO5801
bra00020	BRADO5802
bra00030	BRADO0601
bra00030	BRADO0757
bra00030	BRADO0973
bra00030	BRADO1120
bra00030	BRADO1126
bra00030	BRADO1396
bra00030	BRADO1575
bra00030	BRADO1655
bra00030	BRADO1657
bra00030	BRADO1658
bra00030	BRADO1805
bra00030	BRADO1806
bra00030	BRADO1937
bra00030	BRADO2015
bra00030	BRADO2070
bra00030	BRADO2487
bra00030	BRADO2492
bra00030	BRADO2582
bra00030	BRADO2842
bra00030	BRADO3573
bra00030	BRADO3863
bra00030	BRADO4714
bra00030	BRADO4763
bra00030	BRADO4764
bra00030	BRADO4769
bra00030	BRADO5169
bra00030	BRADO5170
bra00030	BRADO5349
bra00030	BRADO5762
bra00030	BRADO5790
bra00030	BRADO5809
bra00030	BRADO5810
bra00030	BRADO5811
bra00030	BRADO5812
bra00030	BRADO6000
bra00030	BRADO6760
bra00040	BRADO0754
bra00040	BRADO1089
bra00040	BRADO1395
bra00040	BRADO1563
bra00040	BRADO1803
bra00040	BRADO2359
bra00040	BRADO2360
bra00040	BRADO2842
bra00040	BRADO3103
bra00040	BRADO3552
bra00040	BRADO4793
bra00040	BRADO4802
bra00040	BRADO6615
bra00040	BRADO6647
bra00051	BRADO0734
bra00051	BRADO0757
bra00051	BRADO1120
bra00051	BRADO1575
bra00051	BRADO1655
bra00051	BRADO1658
bra00051	BRADO2184
bra00051	BRADO2185
bra00051	BRADO2360
bra00051	BRADO3101
bra00051	BRADO3102
bra00051	BRADO3573
bra00051	BRADO4107
bra00051	BRADO4793
bra00051	BRADO5152
bra00051	BRADO5165
bra00051	BRADO5259
bra00051	BRADO5260
bra00051	BRADO5951
bra00051	BRADO5952
bra00051	BRADO6614
bra00051	BRADO7047
bra00052	BRADO0511
bra00052	BRADO0757
bra00052	BRADO1089
bra00052	BRADO1575
bra00052	BRADO1576
bra00052	BRADO1753
bra00052	BRADO1754
bra00052	BRADO1793
bra00052	BRADO1814
bra00052	BRADO1815
bra00052	BRADO1937
bra00052	BRADO4392
bra00052	BRADO5190
bra00052	BRADO5207
bra00053	BRADO0754
bra00053	BRADO1562
bra00053	BRADO1564
bra00053	BRADO1565
bra00053	BRADO1812
bra00053	BRADO1813
bra00053	BRADO2486
bra00053	BRADO2487
bra00053	BRADO2488
bra00053	BRADO2582
bra00053	BRADO3863
bra00053	BRADO4769
bra00053	BRADO5153
bra00053	BRADO5762
bra00053	BRADO5849
bra00053	BRADO5951
bra00053	BRADO6760
bra00061	BRADO0061
bra00061	BRADO0062
bra00061	BRADO0063
bra00061	BRADO0089
bra00061	BRADO0606
bra00061	BRADO0982
bra00061	BRADO1083
bra00061	BRADO1085
bra00061	BRADO2151
bra00061	BRADO2366
bra00061	BRADO2579
bra00061	BRADO3310
bra00061	BRADO3311
bra00061	BRADO3314
bra00061	BRADO3500
bra00061	BRADO3501
bra00061	BRADO4130
bra00061	BRADO4417
bra00061	BRADO4676
bra00061	BRADO4677
bra00061	BRADO4678
bra00061	BRADO5264
bra00061	BRADO6290
bra00061	BRADO6363
bra00061	BRADO6424
bra00061	BRADO6584
bra00061	BRADO6869
bra00071	BRADO0562
bra00071	BRADO0653
bra00071	BRADO0921
bra00071	BRADO0929
bra00071	BRADO0981
bra00071	BRADO0982
bra00071	BRADO0983
bra00071	BRADO1442
bra00071	BRADO2134
bra00071	BRADO2393
bra00071	BRADO2457
bra00071	BRADO2486
bra00071	BRADO2491
bra00071	BRADO2565
bra00071	BRADO2575
bra00071	BRADO2579
bra00071	BRADO2663
bra00071	BRADO2866
bra00071	BRADO3035
bra00071	BRADO3110
bra00071	BRADO3126
bra00071	BRADO3134
bra00071	BRADO3321
bra00071	BRADO4314
bra00071	BRADO5264
bra00071	BRADO5289
bra00071	BRADO5308
bra00071	BRADO5486
bra00071	BRADO5849
bra00071	BRADO6584
bra00071	BRADO6723
bra00071	BRADO6724
bra00071	BRADO6869
bra00071	BRADO6881
bra00071	BRADO6906
bra00071	BRADO7111
bra00074	BRADO3310
bra00074	BRADO4466
bra00121	BRADO6529
bra00130	BRADO0075
bra00130	BRADO0311
bra00130	BRADO0576
bra00130	BRADO0965
bra00130	BRADO3780
bra00130	BRADO4642
bra00130	BRADO5589
bra00130	BRADO6102
bra00130	BRADO6142
bra00130	BRADO6175
bra00130	BRADO6627
bra00130	BRADO6961
bra00190	BRADO0232
bra00190	BRADO0233
bra00190	BRADO0234
bra00190	BRADO0235
bra00190	BRADO0275
bra00190	BRADO0416
bra00190	BRADO0417
bra00190	BRADO0418
bra00190	BRADO0419
bra00190	BRADO0420
bra00190	BRADO1001
bra00190	BRADO1456
bra00190	BRADO1630
bra00190	BRADO1719
bra00190	BRADO1720
bra00190	BRADO1721
bra00190	BRADO1722
bra00190	BRADO1976
bra00190	BRADO1977
bra00190	BRADO2259
bra00190	BRADO2260
bra00190	BRADO2302
bra00190	BRADO2396
bra00190	BRADO2397
bra00190	BRADO2398
bra00190	BRADO2438
bra00190	BRADO2439
bra00190	BRADO2440
bra00190	BRADO2441
bra00190	BRADO3341
bra00190	BRADO4171
bra00190	BRADO4172
bra00190	BRADO4173
bra00190	BRADO4174
bra00190	BRADO4175
bra00190	BRADO4176
bra00190	BRADO4177
bra00190	BRADO4178
bra00190	BRADO4179
bra00190	BRADO4181
bra00190	BRADO4183
bra00190	BRADO4184
bra00190	BRADO4185
bra00190	BRADO4186
bra00190	BRADO4225
bra00190	BRADO4238
bra00190	BRADO4878
bra00190	BRADO5920
bra00190	BRADO6074
bra00190	BRADO6132
bra00190	BRADO6686
bra00190	BRADO6687
bra00190	BRADO6688
bra00190	BRADO6689
bra00190	BRADO6702
bra00190	BRADO6703
bra00190	BRADO6705
bra00190	BRADO6706
bra00190	BRADO6707
bra00190	BRADO6813
bra00190	BRADO6835
bra00190	BRADO6836
bra00220	BRADO0243
bra00220	BRADO0588
bra00220	BRADO0779
bra00220	BRADO1037
bra00220	BRADO1038
bra00220	BRADO1041
bra00220	BRADO1325
bra00220	BRADO1337
bra00220	BRADO2494
bra00220	BRADO2779
bra00220	BRADO3130
bra00220	BRADO3383
bra00220	BRADO3395
bra00220	BRADO3421
bra00220	BRADO3558
bra00220	BRADO3787
bra00220	BRADO4066
bra00220	BRADO4067
bra00220	BRADO4205
bra00220	BRADO5323
bra00220	BRADO5863
bra00220	BRADO5864
bra00220	BRADO5973
bra00220	BRADO6484
bra00220	BRADO6487
bra00220	BRADO6656
bra00220	BRADO6778
bra00220	BRADO6779
bra00220	BRADO6814
bra00230	BRADO0015
bra00230	BRADO0174
bra00230	BRADO0280
bra00230	BRADO0338
bra00230	BRADO0757
bra00230	BRADO0854
bra00230	BRADO0866
bra00230	BRADO0867
bra00230	BRADO0870
bra00230	BRADO0875
bra00230	BRADO0901
bra00230	BRADO1037
bra00230	BRADO1038
bra00230	BRADO1039
bra00230	BRADO1041
bra00230	BRADO1063
bra00230	BRADO1064
bra00230	BRADO1139
bra00230	BRADO1205
bra00230	BRADO1206
bra00230	BRADO1430
bra00230	BRADO1796
bra00230	BRADO1937
bra00230	BRADO1992
bra00230	BRADO2045
bra00230	BRADO2070
bra00230	BRADO2154
bra00230	BRADO2166
bra00230	BRADO2347
bra00230	BRADO2460
bra00230	BRADO2715
bra00230	BRADO2747
bra00230	BRADO2776
bra00230	BRADO2777
bra00230	BRADO2779
bra00230	BRADO2785
bra00230	BRADO2830
bra00230	BRADO2840
bra00230	BRADO2841
bra00230	BRADO2872
bra00230	BRADO2882
bra00230	BRADO2883
bra00230	BRADO2884
bra00230	BRADO2909
bra00230	BRADO2991
bra00230	BRADO3087
bra00230	BRADO3150
bra00230	BRADO3165
bra00230	BRADO3169
bra00230	BRADO3280
bra00230	BRADO3317
bra00230	BRADO3334
bra00230	BRADO3340
bra00230	BRADO3344
bra00230	BRADO3345
bra00230	BRADO3377
bra00230	BRADO3475
bra00230	BRADO3740
bra00230	BRADO3851
bra00230	BRADO4042
bra00230	BRADO4053
bra00230	BRADO4066
bra00230	BRADO4067
bra00230	BRADO4443
bra00230	BRADO4468
bra00230	BRADO4777
bra00230	BRADO4947
bra00230	BRADO5192
bra00230	BRADO5193
bra00230	BRADO5358
bra00230	BRADO5689
bra00230	BRADO5690
bra00230	BRADO5691
bra00230	BRADO5863
bra00230	BRADO5864
bra00230	BRADO5935
bra00230	BRADO6000
bra00230	BRADO6002
bra00230	BRADO6088
bra00230	BRADO6170
bra00230	BRADO6663
bra00230	BRADO6664
bra00230	BRADO6665
bra00230	BRADO7095
bra00240	BRADO0078
bra00240	BRADO0097
bra00240	BRADO0160
bra00240	BRADO0200
bra00240	BRADO0748
bra00240	BRADO1013
bra00240	BRADO1139
bra00240	BRADO1146
bra00240	BRADO1325
bra00240	BRADO1337
bra00240	BRADO1492
bra00240	BRADO1786
bra00240	BRADO1789
bra00240	BRADO1792
bra00240	BRADO2045
bra00240	BRADO2048
bra00240	BRADO2131
bra00240	BRADO2166
bra00240	BRADO2536
bra00240	BRADO2724
bra00240	BRADO3334
bra00240	BRADO3475
bra00240	BRADO3518
bra00240	BRADO3827
bra00240	BRADO3851
bra00240	BRADO4042
bra00240	BRADO4103
bra00240	BRADO4138
bra00240	BRADO4502
bra00240	BRADO4503
bra00240	BRADO5578
bra00240	BRADO6163
bra00240	BRADO6634
bra00240	BRADO6742
bra00240	BRADO6769
bra00250	BRADO0028
bra00250	BRADO0243
bra00250	BRADO0860
bra00250	BRADO1325
bra00250	BRADO1337
bra00250	BRADO2036
bra00250	BRADO2494
bra00250	BRADO2779
bra00250	BRADO2830
bra00250	BRADO3130
bra00250	BRADO3280
bra00250	BRADO3395
bra00250	BRADO3420
bra00250	BRADO3763
bra00250	BRADO4205
bra00250	BRADO4502
bra00250	BRADO4530
bra00250	BRADO4822
bra00250	BRADO5156
bra00250	BRADO5277
bra00250	BRADO5278
bra00250	BRADO5935
bra00250	BRADO5973
bra00250	BRADO6238
bra00250	BRADO6240
bra00250	BRADO6487
bra00250	BRADO6656
bra00250	BRADO6914
bra00250	BRADO6985
bra00260	BRADO0090
bra00260	BRADO0091
bra00260	BRADO0157
bra00260	BRADO0266
bra00260	BRADO0358
bra00260	BRADO0409
bra00260	BRADO0574
bra00260	BRADO0973
bra00260	BRADO1153
bra00260	BRADO1266
bra00260	BRADO1651
bra00260	BRADO1760
bra00260	BRADO1842
bra00260	BRADO2168
bra00260	BRADO2535
bra00260	BRADO2796
bra00260	BRADO3422
bra00260	BRADO3559
bra00260	BRADO3572
bra00260	BRADO3594
bra00260	BRADO3813
bra00260	BRADO3860
bra00260	BRADO3992
bra00260	BRADO4082
bra00260	BRADO4083
bra00260	BRADO4430
bra00260	BRADO4691
bra00260	BRADO4794
bra00260	BRADO4922
bra00260	BRADO4982
bra00260	BRADO4983
bra00260	BRADO4984
bra00260	BRADO5091
bra00260	BRADO5277
bra00260	BRADO5278
bra00260	BRADO5563
bra00260	BRADO5568
bra00260	BRADO5948
bra00260	BRADO5949
bra00260	BRADO6525
bra00260	BRADO6587
bra00260	BRADO6672
bra00260	BRADO6693
bra00260	BRADO6985
bra00261	BRADO0158
bra00261	BRADO0358
bra00261	BRADO0574
bra00261	BRADO1063
bra00261	BRADO1064
bra00261	BRADO1318
bra00261	BRADO1404
bra00261	BRADO3992
bra00261	BRADO4310
bra00261	BRADO4475
bra00261	BRADO5192
bra00261	BRADO5193
bra00270	BRADO0180
bra00270	BRADO0358
bra00270	BRADO0403
bra00270	BRADO0574
bra00270	BRADO0662
bra00270	BRADO0669
bra00270	BRADO0994
bra00270	BRADO1760
bra00270	BRADO1871
bra00270	BRADO2093
bra00270	BRADO2535
bra00270	BRADO2630
bra00270	BRADO2770
bra00270	BRADO2911
bra00270	BRADO2940
bra00270	BRADO3492
bra00270	BRADO3525
bra00270	BRADO3572
bra00270	BRADO3803
bra00270	BRADO3813
bra00270	BRADO3860
bra00270	BRADO3909
bra00270	BRADO3914
bra00270	BRADO3987
bra00270	BRADO3992
bra00270	BRADO4166
bra00270	BRADO4221
bra00270	BRADO4275
bra00270	BRADO4794
bra00270	BRADO4873
bra00270	BRADO4922
bra00270	BRADO5238
bra00270	BRADO5239
bra00270	BRADO5389
bra00270	BRADO5429
bra00270	BRADO5724
bra00270	BRADO5744
bra00270	BRADO5867
bra00270	BRADO5948
bra00270	BRADO5949
bra00270	BRADO5973
bra00270	BRADO6002
bra00270	BRADO6039
bra00270	BRADO6330
bra00270	BRADO6461
bra00270	BRADO6718
bra00270	BRADO6770
bra00270	BRADO6903
bra00270	BRADO6904
bra00270	BRADO6909
bra00270	BRADO6912
bra00270	BRADO6913
bra00280	BRADO0124
bra00280	BRADO0229
bra00280	BRADO0409
bra00280	BRADO0562
bra00280	BRADO0653
bra00280	BRADO0929
bra00280	BRADO0983
bra00280	BRADO1223
bra00280	BRADO1224
bra00280	BRADO1442
bra00280	BRADO1447
bra00280	BRADO2393
bra00280	BRADO2486
bra00280	BRADO2565
bra00280	BRADO2575
bra00280	BRADO2614
bra00280	BRADO2663
bra00280	BRADO2679
bra00280	BRADO2682
bra00280	BRADO3016
bra00280	BRADO3035
bra00280	BRADO3110
bra00280	BRADO3126
bra00280	BRADO3134
bra00280	BRADO3137
bra00280	BRADO3140
bra00280	BRADO3249
bra00280	BRADO3420
bra00280	BRADO3679
bra00280	BRADO3680
bra00280	BRADO3681
bra00280	BRADO4083
bra00280	BRADO4168
bra00280	BRADO4314
bra00280	BRADO4331
bra00280	BRADO4737
bra00280	BRADO5847
bra00280	BRADO5849
bra00280	BRADO6039
bra00280	BRADO6061
bra00280	BRADO6723
bra00280	BRADO6724
bra00280	BRADO6881
bra00280	BRADO6906
bra00280	BRADO6909
bra00280	BRADO7111
bra00290	BRADO0353
bra00290	BRADO0365
bra00290	BRADO0374
bra00290	BRADO1452
bra00290	BRADO2308
bra00290	BRADO2458
bra00290	BRADO2591
bra00290	BRADO2754
bra00290	BRADO3559
bra00290	BRADO4080
bra00290	BRADO4456
bra00290	BRADO4696
bra00290	BRADO5091
bra00290	BRADO5516
bra00290	BRADO5517
bra00290	BRADO5528
bra00290	BRADO5559
bra00290	BRADO5562
bra00290	BRADO5563
bra00290	BRADO5564
bra00290	BRADO6039
bra00290	BRADO6909
bra00300	BRADO0158
bra00300	BRADO0358
bra00300	BRADO0383
bra00300	BRADO0574
bra00300	BRADO0774
bra00300	BRADO0775
bra00300	BRADO1318
bra00300	BRADO1404
bra00300	BRADO2132
bra00300	BRADO3572
bra00300	BRADO3787
bra00300	BRADO3992
bra00300	BRADO4310
bra00300	BRADO4475
bra00300	BRADO4682
bra00300	BRADO5663
bra00300	BRADO5664
bra00300	BRADO6485
bra00300	BRADO6779
bra00310	BRADO0028
bra00310	BRADO0407
bra00310	BRADO0409
bra00310	BRADO0562
bra00310	BRADO0929
bra00310	BRADO0983
bra00310	BRADO2102
bra00310	BRADO2134
bra00310	BRADO2393
bra00310	BRADO2486
bra00310	BRADO2565
bra00310	BRADO2663
bra00310	BRADO3110
bra00310	BRADO3134
bra00310	BRADO3420
bra00310	BRADO3588
bra00310	BRADO4083
bra00310	BRADO4314
bra00310	BRADO4568
bra00310	BRADO5849
bra00310	BRADO6144
bra00310	BRADO6723
bra00310	BRADO6724
bra00330	BRADO0266
bra00330	BRADO0430
bra00330	BRADO0431
bra00330	BRADO0662
bra00330	BRADO0701
bra00330	BRADO0898
bra00330	BRADO0922
bra00330	BRADO1531
bra00330	BRADO1769
bra00330	BRADO1789
bra00330	BRADO1842
bra00330	BRADO2088
bra00330	BRADO2486
bra00330	BRADO2532
bra00330	BRADO2635
bra00330	BRADO3229
bra00330	BRADO3230
bra00330	BRADO4071
bra00330	BRADO4399
bra00330	BRADO4407
bra00330	BRADO4919
bra00330	BRADO5323
bra00330	BRADO5506
bra00330	BRADO5507
bra00330	BRADO5611
bra00330	BRADO5789
bra00330	BRADO5798
bra00330	BRADO5849
bra00330	BRADO5869
bra00330	BRADO5973
bra00330	BRADO6035
bra00330	BRADO6144
bra00330	BRADO6260
bra00330	BRADO6330
bra00330	BRADO6795
bra00330	BRADO6914
bra00332	BRADO0430
bra00332	BRADO0431
bra00340	BRADO0212
bra00340	BRADO0214
bra00340	BRADO0215
bra00340	BRADO0216
bra00340	BRADO0217
bra00340	BRADO0266
bra00340	BRADO0818
bra00340	BRADO1602
bra00340	BRADO1603
bra00340	BRADO1604
bra00340	BRADO1605
bra00340	BRADO1842
bra00340	BRADO2486
bra00340	BRADO2791
bra00340	BRADO2985
bra00340	BRADO4744
bra00340	BRADO5849
bra00340	BRADO6106
bra00340	BRADO6107
bra00340	BRADO6215
bra00340	BRADO6463
bra00340	BRADO6579
bra00340	BRADO6637
bra00350	BRADO0028
bra00350	BRADO0266
bra00350	BRADO0683
bra00350	BRADO0684
bra00350	BRADO0818
bra00350	BRADO0921
bra00350	BRADO1842
bra00350	BRADO2343
bra00350	BRADO2457
bra00350	BRADO2593
bra00350	BRADO2594
bra00350	BRADO2595
bra00350	BRADO2597
bra00350	BRADO2598
bra00350	BRADO2801
bra00350	BRADO2866
bra00350	BRADO3321
bra00350	BRADO3492
bra00350	BRADO4665
bra00350	BRADO4744
bra00350	BRADO5059
bra00350	BRADO5209
bra00350	BRADO5308
bra00350	BRADO5486
bra00350	BRADO5494
bra00350	BRADO5973
bra00350	BRADO6463
bra00350	BRADO6525
bra00350	BRADO6961
bra00350	BRADO6964
bra00350	BRADO6966
bra00360	BRADO0266
bra00360	BRADO0646
bra00360	BRADO0818
bra00360	BRADO0898
bra00360	BRADO0922
bra00360	BRADO1531
bra00360	BRADO1666
bra00360	BRADO1769
bra00360	BRADO1842
bra00360	BRADO2088
bra00360	BRADO2315
bra00360	BRADO2491
bra00360	BRADO2519
bra00360	BRADO2520
bra00360	BRADO2521
bra00360	BRADO2522
bra00360	BRADO2523
bra00360	BRADO2524
bra00360	BRADO2525
bra00360	BRADO2532
bra00360	BRADO2571
bra00360	BRADO2597
bra00360	BRADO2663
bra00360	BRADO3444
bra00360	BRADO3492
bra00360	BRADO4071
bra00360	BRADO4399
bra00360	BRADO4407
bra00360	BRADO4744
bra00360	BRADO5041
bra00360	BRADO5059
bra00360	BRADO5116
bra00360	BRADO5611
bra00360	BRADO5789
bra00360	BRADO5869
bra00360	BRADO5973
bra00360	BRADO6045
bra00360	BRADO6144
bra00360	BRADO6299
bra00360	BRADO6463
bra00360	BRADO6490
bra00360	BRADO6525
bra00360	BRADO6961
bra00360	BRADO6969
bra00361	BRADO0539
bra00361	BRADO0895
bra00361	BRADO1082
bra00361	BRADO1532
bra00361	BRADO1986
bra00361	BRADO2265
bra00361	BRADO2271
bra00361	BRADO2272
bra00361	BRADO2470
bra00361	BRADO2952
bra00361	BRADO3455
bra00361	BRADO3574
bra00361	BRADO5403
bra00361	BRADO6083
bra00361	BRADO7139
bra00362	BRADO0185
bra00362	BRADO0538
bra00362	BRADO0539
bra00362	BRADO0562
bra00362	BRADO0929
bra00362	BRADO0965
bra00362	BRADO0981
bra00362	BRADO0983
bra00362	BRADO1934
bra00362	BRADO2134
bra00362	BRADO2265
bra00362	BRADO2272
bra00362	BRADO2315
bra00362	BRADO2337
bra00362	BRADO2338
bra00362	BRADO2340
bra00362	BRADO2341
bra00362	BRADO2342
bra00362	BRADO2343
bra00362	BRADO2352
bra00362	BRADO2379
bra00362	BRADO2380
bra00362	BRADO2391
bra00362	BRADO2393
bra00362	BRADO2470
bra00362	BRADO2491
bra00362	BRADO2565
bra00362	BRADO2663
bra00362	BRADO2855
bra00362	BRADO3110
bra00362	BRADO3134
bra00362	BRADO3258
bra00362	BRADO3444
bra00362	BRADO3455
bra00362	BRADO4314
bra00362	BRADO5041
bra00362	BRADO5081
bra00362	BRADO5410
bra00362	BRADO5848
bra00362	BRADO6037
bra00362	BRADO6490
bra00362	BRADO6697
bra00362	BRADO6723
bra00362	BRADO6724
bra00362	BRADO6788
bra00362	BRADO6789
bra00362	BRADO6791
bra00362	BRADO6809
bra00362	BRADO6810
bra00362	BRADO6842
bra00364	BRADO0539
bra00364	BRADO0895
bra00364	BRADO1986
bra00364	BRADO2265
bra00364	BRADO2952
bra00364	BRADO3845
bra00364	BRADO3846
bra00364	BRADO5403
bra00364	BRADO7139
bra00380	BRADO0266
bra00380	BRADO0407
bra00380	BRADO0409
bra00380	BRADO0562
bra00380	BRADO0898
bra00380	BRADO0922
bra00380	BRADO1380
bra00380	BRADO1528
bra00380	BRADO1529
bra00380	BRADO1531
bra00380	BRADO1666
bra00380	BRADO1769
bra00380	BRADO1842
bra00380	BRADO2088
bra00380	BRADO2134
bra00380	BRADO2393
bra00380	BRADO2486
bra00380	BRADO2532
bra00380	BRADO2565
bra00380	BRADO2663
bra00380	BRADO3110
bra00380	BRADO3134
bra00380	BRADO3845
bra00380	BRADO3846
bra00380	BRADO4071
bra00380	BRADO4083
bra00380	BRADO4314
bra00380	BRADO4399
bra00380	BRADO4407
bra00380	BRADO4539
bra00380	BRADO5059
bra00380	BRADO5611
bra00380	BRADO5789
bra00380	BRADO5849
bra00380	BRADO5869
bra00380	BRADO6723
bra00380	BRADO6724
bra00380	BRADO7016
bra00400	BRADO0090
bra00400	BRADO0091
bra00400	BRADO0092
bra00400	BRADO0098
bra00400	BRADO0609
bra00400	BRADO0818
bra00400	BRADO0999
bra00400	BRADO1385
bra00400	BRADO1991
bra00400	BRADO2153
bra00400	BRADO2346
bra00400	BRADO3492
bra00400	BRADO3502
bra00400	BRADO3590
bra00400	BRADO3810
bra00400	BRADO4109
bra00400	BRADO4110
bra00400	BRADO4704
bra00400	BRADO4744
bra00400	BRADO5592
bra00400	BRADO5598
bra00400	BRADO5961
bra00400	BRADO5973
bra00400	BRADO6463
bra00400	BRADO6464
bra00401	BRADO0818
bra00401	BRADO3492
bra00401	BRADO4744
bra00401	BRADO5973
bra00401	BRADO6463
bra00401	BRADO6464
bra00405	BRADO0592
bra00405	BRADO2323
bra00410	BRADO1013
bra00410	BRADO1492
bra00410	BRADO1792
bra00410	BRADO2486
bra00410	BRADO2536
bra00410	BRADO2614
bra00410	BRADO2663
bra00410	BRADO3137
bra00410	BRADO3420
bra00410	BRADO4554
bra00410	BRADO5781
bra00410	BRADO5849
bra00410	BRADO6061
bra00410	BRADO6163
bra00410	BRADO6525
bra00410	BRADO6723
bra00430	BRADO0336
bra00430	BRADO1399
bra00430	BRADO1534
bra00430	BRADO1872
bra00430	BRADO1881
bra00430	BRADO2507
bra00430	BRADO6361
bra00440	BRADO3831
bra00440	BRADO5350
bra00440	BRADO5351
bra00440	BRADO5353
bra00440	BRADO5354
bra00440	BRADO5355
bra00440	BRADO5356
bra00440	BRADO5368
bra00450	BRADO0994
bra00450	BRADO1063
bra00450	BRADO1064
bra00450	BRADO1321
bra00450	BRADO1584
bra00450	BRADO1736
bra00450	BRADO1871
bra00450	BRADO2911
bra00450	BRADO3525
bra00450	BRADO3544
bra00450	BRADO3829
bra00450	BRADO3914
bra00450	BRADO5079
bra00450	BRADO5192
bra00450	BRADO5193
bra00450	BRADO5444
bra00450	BRADO6640
bra00460	BRADO0336
bra00460	BRADO1399
bra00460	BRADO1534
bra00460	BRADO1577
bra00460	BRADO1881
bra00460	BRADO2507
bra00460	BRADO3844
bra00460	BRADO4430
bra00460	BRADO4539
bra00460	BRADO6892
bra00460	BRADO7112
bra00470	BRADO0383
bra00470	BRADO2779
bra00470	BRADO2802
bra00470	BRADO2810
bra00470	BRADO3130
bra00470	BRADO3301
bra00470	BRADO5087
bra00470	BRADO5656
bra00470	BRADO5661
bra00470	BRADO6144
bra00470	BRADO6485
bra00480	BRADO0130
bra00480	BRADO0180
bra00480	BRADO0334
bra00480	BRADO0336
bra00480	BRADO0662
bra00480	BRADO0861
bra00480	BRADO1011
bra00480	BRADO1131
bra00480	BRADO1151
bra00480	BRADO1164
bra00480	BRADO1399
bra00480	BRADO1419
bra00480	BRADO1534
bra00480	BRADO1844
bra00480	BRADO1881
bra00480	BRADO2006
bra00480	BRADO2507
bra00480	BRADO2759
bra00480	BRADO2929
bra00480	BRADO3328
bra00480	BRADO3371
bra00480	BRADO3534
bra00480	BRADO3663
bra00480	BRADO3796
bra00480	BRADO3797
bra00480	BRADO3798
bra00480	BRADO4454
bra00480	BRADO4559
bra00480	BRADO4712
bra00480	BRADO4808
bra00480	BRADO4919
bra00480	BRADO4939
bra00480	BRADO5020
bra00480	BRADO5718
bra00480	BRADO5768
bra00480	BRADO5788
bra00480	BRADO5810
bra00480	BRADO5811
bra00480	BRADO5975
bra00480	BRADO6260
bra00480	BRADO6330
bra00480	BRADO6428
bra00480	BRADO6466
bra00480	BRADO6585
bra00480	BRADO6718
bra00480	BRADO6720
bra00480	BRADO6867
bra00500	BRADO0511
bra00500	BRADO0512
bra00500	BRADO0743
bra00500	BRADO0757
bra00500	BRADO1089
bra00500	BRADO1576
bra00500	BRADO1577
bra00500	BRADO1937
bra00500	BRADO2453
bra00500	BRADO3025
bra00500	BRADO3844
bra00500	BRADO4392
bra00500	BRADO4835
bra00500	BRADO5096
bra00500	BRADO5809
bra00500	BRADO5815
bra00500	BRADO5816
bra00500	BRADO5817
bra00500	BRADO5818
bra00500	BRADO5819
bra00500	BRADO5820
bra00500	BRADO6612
bra00500	BRADO6613
bra00500	BRADO6614
bra00500	BRADO6952
bra00500	BRADO6953
bra00514	BRADO1891
bra00515	BRADO1891
bra00520	BRADO0005
bra00520	BRADO0080
bra00520	BRADO0082
bra00520	BRADO0591
bra00520	BRADO0734
bra00520	BRADO0754
bra00520	BRADO0757
bra00520	BRADO1089
bra00520	BRADO1576
bra00520	BRADO1793
bra00520	BRADO1937
bra00520	BRADO2062
bra00520	BRADO2073
bra00520	BRADO3533
bra00520	BRADO3760
bra00520	BRADO3763
bra00520	BRADO3953
bra00520	BRADO4050
bra00520	BRADO4835
bra00520	BRADO5152
bra00520	BRADO5153
bra00520	BRADO5165
bra00520	BRADO5190
bra00520	BRADO5207
bra00520	BRADO5657
bra00520	BRADO5809
bra00520	BRADO5957
bra00520	BRADO6165
bra00520	BRADO6613
bra00520	BRADO6614
bra00520	BRADO6639
bra00520	BRADO7028
bra00520	BRADO7047
bra00521	BRADO0757
bra00521	BRADO1117
bra00521	BRADO1576
bra00521	BRADO1937
bra00521	BRADO2073
bra00521	BRADO2076
bra00521	BRADO2244
bra00521	BRADO4830
bra00521	BRADO5168
bra00521	BRADO6099
bra00521	BRADO7026
bra00521	BRADO7027
bra00521	BRADO7028
bra00521	BRADO7029
bra00523	BRADO2069
bra00523	BRADO2073
bra00523	BRADO4830
bra00523	BRADO5168
bra00523	BRADO7026
bra00523	BRADO7027
bra00523	BRADO7028
bra00523	BRADO7029
bra00525	BRADO2073
bra00525	BRADO5168
bra00525	BRADO7028
bra00525	BRADO7029
bra00540	BRADO4127
bra00540	BRADO4128
bra00540	BRADO4129
bra00540	BRADO4131
bra00540	BRADO4679
bra00540	BRADO5200
bra00540	BRADO5203
bra00540	BRADO5215
bra00540	BRADO5652
bra00540	BRADO6095
bra00540	BRADO6096
bra00541	BRADO0754
bra00541	BRADO1000
bra00541	BRADO1089
bra00541	BRADO2068
bra00541	BRADO2184
bra00541	BRADO2185
bra00541	BRADO2481
bra00541	BRADO3760
bra00541	BRADO4101
bra00541	BRADO4830
bra00541	BRADO4835
bra00541	BRADO5147
bra00541	BRADO5152
bra00541	BRADO5154
bra00541	BRADO5165
bra00541	BRADO5167
bra00541	BRADO5168
bra00541	BRADO5201
bra00541	BRADO5202
bra00541	BRADO5204
bra00541	BRADO5205
bra00541	BRADO5259
bra00541	BRADO5260
bra00541	BRADO6245
bra00541	BRADO7026
bra00541	BRADO7027
bra00541	BRADO7028
bra00541	BRADO7029
bra00543	BRADO2093
bra00543	BRADO2201
bra00543	BRADO2205
bra00543	BRADO2940
bra00543	BRADO4275
bra00543	BRADO4753
bra00543	BRADO4757
bra00543	BRADO4817
bra00543	BRADO5161
bra00543	BRADO5389
bra00550	BRADO0005
bra00550	BRADO0129
bra00550	BRADO0522
bra00550	BRADO0556
bra00550	BRADO2718
bra00550	BRADO2810
bra00550	BRADO3514
bra00550	BRADO3826
bra00550	BRADO3920
bra00550	BRADO4136
bra00550	BRADO5656
bra00550	BRADO5657
bra00550	BRADO5658
bra00550	BRADO5659
bra00550	BRADO5660
bra00550	BRADO5661
bra00550	BRADO5662
bra00550	BRADO5663
bra00550	BRADO5664
bra00550	BRADO5665
bra00550	BRADO6639
bra00550	BRADO7124
bra00552	BRADO0129
bra00552	BRADO4814
bra00561	BRADO0973
bra00561	BRADO0987
bra00561	BRADO2486
bra00561	BRADO4418
bra00561	BRADO4504
bra00561	BRADO4609
bra00561	BRADO4613
bra00561	BRADO4614
bra00561	BRADO4703
bra00561	BRADO5697
bra00561	BRADO5849
bra00561	BRADO6467
bra00562	BRADO1117
bra00562	BRADO2076
bra00562	BRADO2242
bra00562	BRADO2243
bra00562	BRADO2244
bra00562	BRADO3137
bra00562	BRADO4107
bra00562	BRADO5754
bra00562	BRADO6099
bra00564	BRADO0162
bra00564	BRADO0303
bra00564	BRADO1214
bra00564	BRADO1908
bra00564	BRADO3343
bra00564	BRADO3781
bra00564	BRADO4135
bra00564	BRADO4504
bra00564	BRADO4577
bra00564	BRADO4578
bra00564	BRADO4691
bra00564	BRADO4692
bra00564	BRADO4703
bra00564	BRADO5289
bra00564	BRADO5693
bra00564	BRADO5696
bra00564	BRADO5754
bra00564	BRADO5893
bra00564	BRADO6057
bra00564	BRADO6235
bra00564	BRADO6467
bra00592	BRADO0929
bra00592	BRADO0983
bra00620	BRADO0089
bra00620	BRADO0344
bra00620	BRADO0403
bra00620	BRADO0409
bra00620	BRADO0510
bra00620	BRADO0562
bra00620	BRADO0567
bra00620	BRADO0606
bra00620	BRADO0741
bra00620	BRADO0921
bra00620	BRADO0929
bra00620	BRADO0983
bra00620	BRADO1059
bra00620	BRADO1153
bra00620	BRADO1185
bra00620	BRADO1339
bra00620	BRADO1387
bra00620	BRADO1573
bra00620	BRADO1707
bra00620	BRADO1872
bra00620	BRADO2034
bra00620	BRADO2247
bra00620	BRADO2393
bra00620	BRADO2457
bra00620	BRADO2485
bra00620	BRADO2486
bra00620	BRADO2565
bra00620	BRADO2580
bra00620	BRADO2714
bra00620	BRADO2866
bra00620	BRADO3110
bra00620	BRADO3134
bra00620	BRADO3141
bra00620	BRADO3250
bra00620	BRADO3251
bra00620	BRADO3321
bra00620	BRADO3367
bra00620	BRADO3422
bra00620	BRADO3500
bra00620	BRADO3501
bra00620	BRADO3665
bra00620	BRADO3897
bra00620	BRADO4083
bra00620	BRADO4084
bra00620	BRADO4086
bra00620	BRADO4087
bra00620	BRADO4314
bra00620	BRADO4696
bra00620	BRADO5016
bra00620	BRADO5093
bra00620	BRADO5308
bra00620	BRADO5322
bra00620	BRADO5390
bra00620	BRADO5480
bra00620	BRADO5486
bra00620	BRADO5528
bra00620	BRADO5584
bra00620	BRADO5609
bra00620	BRADO5801
bra00620	BRADO5802
bra00620	BRADO5849
bra00620	BRADO5958
bra00620	BRADO6075
bra00620	BRADO6324
bra00620	BRADO6353
bra00620	BRADO6361
bra00620	BRADO6642
bra00620	BRADO6724
bra00621	BRADO0185
bra00621	BRADO1934
bra00621	BRADO3258
bra00621	BRADO5041
bra00621	BRADO6037
bra00622	BRADO0185
bra00622	BRADO1934
bra00622	BRADO3258
bra00622	BRADO3455
bra00622	BRADO5041
bra00622	BRADO6037
bra00623	BRADO0539
bra00623	BRADO0895
bra00623	BRADO1986
bra00623	BRADO2265
bra00623	BRADO2952
bra00623	BRADO3598
bra00623	BRADO5224
bra00623	BRADO5403
bra00623	BRADO7139
bra00625	BRADO0921
bra00625	BRADO1532
bra00625	BRADO1707
bra00625	BRADO2457
bra00625	BRADO2486
bra00625	BRADO2866
bra00625	BRADO3321
bra00625	BRADO3574
bra00625	BRADO3897
bra00625	BRADO5308
bra00625	BRADO5394
bra00625	BRADO5438
bra00625	BRADO5439
bra00625	BRADO5440
bra00625	BRADO5480
bra00625	BRADO5486
bra00625	BRADO5849
bra00625	BRADO6083
bra00626	BRADO0921
bra00626	BRADO2457
bra00626	BRADO2866
bra00626	BRADO3321
bra00626	BRADO5308
bra00626	BRADO5486
bra00627	BRADO0898
bra00627	BRADO0922
bra00627	BRADO1439
bra00627	BRADO1531
bra00627	BRADO1769
bra00627	BRADO1851
bra00627	BRADO1853
bra00627	BRADO1867
bra00627	BRADO1869
bra00627	BRADO2088
bra00627	BRADO2322
bra00627	BRADO2327
bra00627	BRADO2340
bra00627	BRADO2341
bra00627	BRADO2342
bra00627	BRADO2343
bra00627	BRADO2379
bra00627	BRADO2380
bra00627	BRADO2391
bra00627	BRADO2532
bra00627	BRADO2663
bra00627	BRADO3251
bra00627	BRADO3845
bra00627	BRADO3846
bra00627	BRADO4071
bra00627	BRADO4202
bra00627	BRADO4399
bra00627	BRADO4407
bra00627	BRADO4539
bra00627	BRADO5224
bra00627	BRADO5227
bra00627	BRADO5611
bra00627	BRADO5789
bra00627	BRADO5869
bra00627	BRADO6150
bra00627	BRADO6791
bra00630	BRADO0021
bra00630	BRADO0066
bra00630	BRADO0344
bra00630	BRADO0393
bra00630	BRADO0403
bra00630	BRADO0409
bra00630	BRADO0562
bra00630	BRADO0563
bra00630	BRADO0613
bra00630	BRADO0614
bra00630	BRADO0973
bra00630	BRADO1059
bra00630	BRADO1153
bra00630	BRADO1339
bra00630	BRADO1380
bra00630	BRADO1659
bra00630	BRADO1660
bra00630	BRADO1806
bra00630	BRADO2132
bra00630	BRADO2274
bra00630	BRADO2275
bra00630	BRADO2393
bra00630	BRADO2534
bra00630	BRADO2565
bra00630	BRADO2679
bra00630	BRADO2682
bra00630	BRADO3110
bra00630	BRADO3134
bra00630	BRADO3141
bra00630	BRADO3249
bra00630	BRADO3395
bra00630	BRADO3422
bra00630	BRADO3748
bra00630	BRADO4011
bra00630	BRADO4083
bra00630	BRADO4126
bra00630	BRADO4168
bra00630	BRADO4205
bra00630	BRADO4314
bra00630	BRADO4331
bra00630	BRADO4430
bra00630	BRADO4715
bra00630	BRADO4945
bra00630	BRADO4946
bra00630	BRADO4955
bra00630	BRADO4956
bra00630	BRADO4975
bra00630	BRADO4976
bra00630	BRADO4977
bra00630	BRADO4979
bra00630	BRADO4982
bra00630	BRADO4983
bra00630	BRADO4984
bra00630	BRADO5094
bra00630	BRADO5257
bra00630	BRADO5277
bra00630	BRADO5278
bra00630	BRADO6122
bra00630	BRADO6123
bra00630	BRADO6131
bra00630	BRADO6656
bra00630	BRADO6724
bra00630	BRADO6892
bra00630	BRADO6985
bra00630	BRADO7112
bra00633	BRADO1682
bra00633	BRADO1683
bra00633	BRADO1684
bra00633	BRADO1685
bra00633	BRADO1926
bra00633	BRADO6151
bra00640	BRADO0089
bra00640	BRADO0344
bra00640	BRADO0393
bra00640	BRADO0404
bra00640	BRADO0405
bra00640	BRADO0409
bra00640	BRADO0606
bra00640	BRADO1339
bra00640	BRADO1872
bra00640	BRADO2038
bra00640	BRADO2614
bra00640	BRADO2663
bra00640	BRADO2679
bra00640	BRADO2682
bra00640	BRADO3137
bra00640	BRADO3141
bra00640	BRADO3249
bra00640	BRADO3420
bra00640	BRADO3500
bra00640	BRADO3501
bra00640	BRADO3748
bra00640	BRADO4083
bra00640	BRADO4168
bra00640	BRADO4331
bra00640	BRADO5781
bra00640	BRADO6061
bra00640	BRADO6361
bra00640	BRADO6593
bra00640	BRADO6723
bra00643	BRADO0684
bra00643	BRADO0898
bra00643	BRADO0922
bra00643	BRADO1531
bra00643	BRADO1769
bra00643	BRADO2088
bra00643	BRADO2532
bra00643	BRADO3455
bra00643	BRADO3845
bra00643	BRADO3846
bra00643	BRADO4071
bra00643	BRADO4399
bra00643	BRADO4407
bra00643	BRADO4539
bra00643	BRADO5611
bra00643	BRADO5789
bra00643	BRADO5869
bra00643	BRADO6964
bra00643	BRADO6966
bra00650	BRADO0028
bra00650	BRADO0030
bra00650	BRADO0232
bra00650	BRADO0233
bra00650	BRADO0234
bra00650	BRADO0235
bra00650	BRADO0519
bra00650	BRADO0562
bra00650	BRADO0563
bra00650	BRADO0929
bra00650	BRADO0981
bra00650	BRADO0983
bra00650	BRADO1076
bra00650	BRADO1223
bra00650	BRADO1224
bra00650	BRADO1452
bra00650	BRADO1491
bra00650	BRADO2315
bra00650	BRADO2393
bra00650	BRADO2534
bra00650	BRADO2565
bra00650	BRADO2591
bra00650	BRADO2663
bra00650	BRADO2714
bra00650	BRADO3110
bra00650	BRADO3134
bra00650	BRADO3420
bra00650	BRADO3444
bra00650	BRADO3568
bra00650	BRADO3681
bra00650	BRADO4314
bra00650	BRADO4347
bra00650	BRADO4348
bra00650	BRADO4349
bra00650	BRADO4350
bra00650	BRADO4353
bra00650	BRADO4456
bra00650	BRADO5094
bra00650	BRADO5310
bra00650	BRADO5562
bra00650	BRADO5564
bra00650	BRADO5769
bra00650	BRADO5801
bra00650	BRADO5802
bra00650	BRADO6490
bra00650	BRADO6611
bra00650	BRADO6723
bra00650	BRADO6724
bra00660	BRADO0353
bra00660	BRADO0365
bra00660	BRADO0374
bra00660	BRADO0404
bra00660	BRADO0405
bra00660	BRADO1441
bra00660	BRADO1452
bra00660	BRADO2338
bra00660	BRADO2458
bra00660	BRADO2591
bra00660	BRADO4456
bra00660	BRADO4810
bra00660	BRADO5516
bra00660	BRADO5517
bra00660	BRADO5562
bra00660	BRADO5564
bra00670	BRADO0277
bra00670	BRADO0338
bra00670	BRADO0409
bra00670	BRADO0994
bra00670	BRADO0995
bra00670	BRADO1138
bra00670	BRADO3345
bra00670	BRADO4083
bra00670	BRADO4430
bra00670	BRADO4982
bra00670	BRADO4983
bra00670	BRADO4984
bra00670	BRADO5238
bra00670	BRADO5239
bra00670	BRADO5257
bra00670	BRADO5576
bra00670	BRADO5578
bra00680	BRADO0157
bra00680	BRADO0344
bra00680	BRADO0403
bra00680	BRADO0921
bra00680	BRADO0973
bra00680	BRADO1120
bra00680	BRADO1339
bra00680	BRADO1573
bra00680	BRADO1575
bra00680	BRADO1655
bra00680	BRADO1658
bra00680	BRADO1760
bra00680	BRADO1872
bra00680	BRADO2535
bra00680	BRADO2580
bra00680	BRADO3141
bra00680	BRADO3573
bra00680	BRADO3813
bra00680	BRADO3860
bra00680	BRADO4094
bra00680	BRADO4430
bra00680	BRADO4794
bra00680	BRADO4922
bra00680	BRADO4975
bra00680	BRADO4976
bra00680	BRADO4977
bra00680	BRADO4979
bra00680	BRADO5277
bra00680	BRADO5278
bra00680	BRADO5460
bra00680	BRADO5484
bra00680	BRADO5486
bra00680	BRADO5487
bra00680	BRADO5568
bra00680	BRADO5878
bra00680	BRADO5879
bra00680	BRADO5880
bra00680	BRADO5881
bra00680	BRADO5883
bra00680	BRADO5884
bra00680	BRADO5885
bra00680	BRADO5948
bra00680	BRADO5949
bra00680	BRADO6361
bra00680	BRADO6985
bra00710	BRADO0403
bra00710	BRADO0741
bra00710	BRADO1120
bra00710	BRADO1122
bra00710	BRADO1124
bra00710	BRADO1126
bra00710	BRADO1655
bra00710	BRADO1656
bra00710	BRADO1657
bra00710	BRADO1658
bra00710	BRADO1659
bra00710	BRADO1660
bra00710	BRADO2034
bra00710	BRADO2274
bra00710	BRADO2275
bra00710	BRADO2580
bra00710	BRADO2842
bra00710	BRADO3367
bra00710	BRADO3573
bra00710	BRADO4107
bra00710	BRADO4714
bra00710	BRADO4763
bra00710	BRADO4764
bra00710	BRADO5169
bra00710	BRADO5170
bra00710	BRADO5322
bra00710	BRADO5809
bra00710	BRADO6353
bra00720	BRADO0089
bra00720	BRADO0232
bra00720	BRADO0233
bra00720	BRADO0234
bra00720	BRADO0235
bra00720	BRADO0277
bra00720	BRADO0344
bra00720	BRADO0393
bra00720	BRADO0403
bra00720	BRADO0404
bra00720	BRADO0405
bra00720	BRADO0562
bra00720	BRADO0606
bra00720	BRADO0995
bra00720	BRADO1339
bra00720	BRADO1440
bra00720	BRADO1573
bra00720	BRADO1872
bra00720	BRADO2034
bra00720	BRADO2393
bra00720	BRADO2565
bra00720	BRADO2580
bra00720	BRADO2679
bra00720	BRADO2682
bra00720	BRADO2759
bra00720	BRADO3110
bra00720	BRADO3134
bra00720	BRADO3141
bra00720	BRADO3500
bra00720	BRADO3501
bra00720	BRADO4168
bra00720	BRADO4314
bra00720	BRADO5016
bra00720	BRADO5584
bra00720	BRADO5801
bra00720	BRADO5802
bra00720	BRADO6353
bra00720	BRADO6361
bra00730	BRADO0790
bra00730	BRADO1119
bra00730	BRADO2161
bra00730	BRADO3087
bra00730	BRADO3539
bra00730	BRADO4424
bra00730	BRADO5133
bra00730	BRADO5423
bra00730	BRADO5709
bra00730	BRADO5711
bra00730	BRADO5712
bra00730	BRADO5713
bra00740	BRADO2133
bra00740	BRADO4426
bra00740	BRADO4427
bra00740	BRADO4428
bra00740	BRADO4896
bra00740	BRADO6033
bra00740	BRADO6066
bra00750	BRADO2146
bra00750	BRADO3323
bra00750	BRADO4082
bra00750	BRADO4467
bra00750	BRADO5949
bra00750	BRADO6693
bra00760	BRADO0028
bra00760	BRADO0323
bra00760	BRADO0429
bra00760	BRADO0761
bra00760	BRADO1196
bra00760	BRADO1197
bra00760	BRADO1198
bra00760	BRADO1491
bra00760	BRADO2036
bra00760	BRADO2106
bra00760	BRADO2114
bra00760	BRADO2115
bra00760	BRADO2116
bra00760	BRADO2124
bra00760	BRADO2166
bra00760	BRADO2312
bra00760	BRADO2990
bra00760	BRADO3160
bra00760	BRADO3161
bra00760	BRADO3672
bra00760	BRADO3851
bra00760	BRADO3870
bra00760	BRADO4042
bra00760	BRADO4529
bra00760	BRADO4530
bra00760	BRADO4531
bra00760	BRADO4702
bra00760	BRADO6555
bra00770	BRADO0077
bra00770	BRADO0201
bra00770	BRADO0218
bra00770	BRADO0328
bra00770	BRADO1013
bra00770	BRADO1452
bra00770	BRADO1492
bra00770	BRADO1792
bra00770	BRADO2308
bra00770	BRADO2486
bra00770	BRADO2536
bra00770	BRADO2591
bra00770	BRADO2754
bra00770	BRADO3851
bra00770	BRADO3997
bra00770	BRADO4080
bra00770	BRADO4456
bra00770	BRADO4466
bra00770	BRADO4554
bra00770	BRADO5559
bra00770	BRADO5562
bra00770	BRADO5564
bra00770	BRADO5849
bra00770	BRADO6039
bra00770	BRADO6163
bra00770	BRADO6909
bra00780	BRADO0061
bra00780	BRADO0062
bra00780	BRADO1083
bra00780	BRADO1085
bra00780	BRADO2151
bra00780	BRADO2424
bra00780	BRADO3311
bra00780	BRADO3314
bra00780	BRADO4130
bra00780	BRADO4170
bra00780	BRADO4676
bra00780	BRADO4677
bra00780	BRADO4678
bra00780	BRADO6290
bra00780	BRADO6363
bra00780	BRADO6424
bra00785	BRADO0406
bra00785	BRADO0407
bra00785	BRADO0409
bra00785	BRADO2485
bra00785	BRADO3259
bra00785	BRADO3879
bra00785	BRADO4083
bra00785	BRADO4084
bra00785	BRADO4086
bra00785	BRADO4087
bra00785	BRADO4982
bra00785	BRADO4983
bra00785	BRADO4984
bra00790	BRADO0088
bra00790	BRADO0254
bra00790	BRADO0256
bra00790	BRADO1973
bra00790	BRADO1974
bra00790	BRADO2012
bra00790	BRADO2133
bra00790	BRADO2613
bra00790	BRADO2683
bra00790	BRADO2684
bra00790	BRADO2685
bra00790	BRADO2863
bra00790	BRADO2984
bra00790	BRADO3849
bra00790	BRADO4095
bra00790	BRADO4111
bra00790	BRADO4119
bra00790	BRADO4718
bra00790	BRADO5576
bra00790	BRADO5839
bra00790	BRADO6059
bra00791	BRADO1037
bra00791	BRADO1038
bra00791	BRADO1041
bra00791	BRADO2402
bra00791	BRADO4066
bra00791	BRADO4067
bra00791	BRADO4247
bra00791	BRADO5863
bra00791	BRADO5864
bra00791	BRADO6319
bra00791	BRADO6814
bra00791	BRADO6818
bra00860	BRADO0198
bra00860	BRADO0301
bra00860	BRADO0617
bra00860	BRADO0618
bra00860	BRADO0739
bra00860	BRADO0827
bra00860	BRADO1065
bra00860	BRADO1229
bra00860	BRADO1265
bra00860	BRADO1266
bra00860	BRADO1606
bra00860	BRADO1607
bra00860	BRADO1617
bra00860	BRADO1618
bra00860	BRADO1619
bra00860	BRADO1620
bra00860	BRADO1626
bra00860	BRADO1632
bra00860	BRADO1634
bra00860	BRADO1638
bra00860	BRADO1639
bra00860	BRADO1640
bra00860	BRADO1641
bra00860	BRADO1642
bra00860	BRADO1643
bra00860	BRADO1649
bra00860	BRADO1651
bra00860	BRADO1652
bra00860	BRADO1653
bra00860	BRADO1874
bra00860	BRADO1875
bra00860	BRADO1972
bra00860	BRADO2496
bra00860	BRADO3042
bra00860	BRADO3594
bra00860	BRADO4125
bra00860	BRADO4225
bra00860	BRADO4436
bra00860	BRADO4897
bra00860	BRADO4898
bra00860	BRADO4899
bra00860	BRADO4900
bra00860	BRADO4901
bra00860	BRADO4902
bra00860	BRADO4903
bra00860	BRADO4904
bra00860	BRADO4905
bra00860	BRADO4906
bra00860	BRADO4907
bra00860	BRADO4911
bra00860	BRADO4912
bra00860	BRADO4913
bra00860	BRADO4914
bra00860	BRADO4915
bra00860	BRADO4916
bra00860	BRADO4917
bra00860	BRADO4918
bra00860	BRADO5258
bra00860	BRADO5694
bra00860	BRADO5731
bra00860	BRADO6249
bra00860	BRADO6493
bra00860	BRADO6672
bra00860	BRADO6705
bra00900	BRADO0546
bra00900	BRADO0555
bra00900	BRADO0562
bra00900	BRADO0983
bra00900	BRADO1615
bra00900	BRADO1632
bra00900	BRADO2022
bra00900	BRADO2023
bra00900	BRADO2161
bra00900	BRADO2393
bra00900	BRADO2565
bra00900	BRADO2632
bra00900	BRADO3110
bra00900	BRADO3134
bra00900	BRADO3869
bra00900	BRADO4134
bra00900	BRADO4136
bra00900	BRADO4314
bra00900	BRADO6509
bra00900	BRADO6588
bra00900	BRADO6724
bra00900	BRADO7124
bra00903	BRADO0508
bra00903	BRADO2486
bra00903	BRADO5849
bra00906	BRADO1610
bra00906	BRADO1611
bra00906	BRADO1613
bra00906	BRADO1614
bra00906	BRADO1616
bra00906	BRADO4032
bra00906	BRADO6505
bra00906	BRADO6506
bra00906	BRADO6507
bra00906	BRADO6508
bra00907	BRADO0929
bra00907	BRADO0983
bra00907	BRADO2663
bra00907	BRADO3681
bra00907	BRADO6723
bra00907	BRADO6875
bra00907	BRADO6876
bra00907	BRADO6880
bra00909	BRADO6252
bra00910	BRADO0360
bra00910	BRADO1227
bra00910	BRADO1776
bra00910	BRADO1777
bra00910	BRADO2471
bra00910	BRADO2472
bra00910	BRADO2473
bra00910	BRADO2475
bra00910	BRADO2476
bra00910	BRADO2494
bra00910	BRADO2771
bra00910	BRADO2772
bra00910	BRADO2773
bra00910	BRADO2774
bra00910	BRADO3395
bra00910	BRADO3793
bra00910	BRADO4205
bra00910	BRADO4492
bra00910	BRADO4493
bra00910	BRADO4539
bra00910	BRADO5394
bra00910	BRADO5438
bra00910	BRADO5439
bra00910	BRADO5440
bra00910	BRADO5916
bra00910	BRADO5917
bra00910	BRADO6238
bra00910	BRADO6240
bra00910	BRADO6562
bra00910	BRADO6576
bra00910	BRADO6656
bra00910	BRADO6744
bra00910	BRADO6892
bra00910	BRADO7112
bra00920	BRADO0531
bra00920	BRADO0532
bra00920	BRADO0533
bra00920	BRADO0669
bra00920	BRADO0716
bra00920	BRADO0962
bra00920	BRADO1063
bra00920	BRADO1064
bra00920	BRADO1067
bra00920	BRADO1069
bra00920	BRADO1070
bra00920	BRADO1071
bra00920	BRADO1072
bra00920	BRADO1073
bra00920	BRADO1409
bra00920	BRADO1410
bra00920	BRADO1411
bra00920	BRADO1471
bra00920	BRADO2093
bra00920	BRADO2140
bra00920	BRADO2179
bra00920	BRADO2408
bra00920	BRADO2409
bra00920	BRADO2410
bra00920	BRADO2411
bra00920	BRADO2412
bra00920	BRADO2770
bra00920	BRADO2940
bra00920	BRADO3179
bra00920	BRADO3180
bra00920	BRADO3181
bra00920	BRADO3182
bra00920	BRADO3183
bra00920	BRADO3184
bra00920	BRADO3185
bra00920	BRADO3203
bra00920	BRADO3405
bra00920	BRADO3598
bra00920	BRADO3794
bra00920	BRADO3833
bra00920	BRADO3909
bra00920	BRADO3987
bra00920	BRADO4269
bra00920	BRADO4270
bra00920	BRADO4271
bra00920	BRADO4272
bra00920	BRADO4275
bra00920	BRADO4360
bra00920	BRADO4361
bra00920	BRADO4363
bra00920	BRADO4364
bra00920	BRADO4365
bra00920	BRADO4871
bra00920	BRADO5192
bra00920	BRADO5193
bra00920	BRADO5389
bra00920	BRADO5429
bra00920	BRADO5470
bra00920	BRADO5547
bra00920	BRADO5548
bra00920	BRADO5549
bra00920	BRADO5724
bra00920	BRADO5744
bra00920	BRADO5867
bra00920	BRADO5910
bra00920	BRADO5911
bra00920	BRADO5912
bra00920	BRADO5913
bra00920	BRADO6461
bra00920	BRADO6625
bra00920	BRADO6725
bra00920	BRADO6770
bra00920	BRADO6846
bra00920	BRADO6847
bra00920	BRADO6848
bra00920	BRADO6849
bra00920	BRADO6851
bra00920	BRADO6858
bra00920	BRADO6859
bra00920	BRADO6860
bra00920	BRADO6913
bra00920	BRADO6989
bra00920	BRADO6990
bra00920	BRADO6991
bra00930	BRADO2487
bra00930	BRADO2582
bra00930	BRADO2663
bra00930	BRADO3481
bra00930	BRADO3863
bra00930	BRADO4159
bra00930	BRADO4769
bra00930	BRADO5762
bra00930	BRADO6723
bra00930	BRADO6760
bra00946	BRADO1577
bra00946	BRADO3696
bra00946	BRADO3697
bra00946	BRADO3698
bra00946	BRADO3699
bra00946	BRADO3701
bra00946	BRADO3702
bra00946	BRADO3703
bra00946	BRADO3844
bra00970	BRADO0033
bra00970	BRADO0139
bra00970	BRADO0141
bra00970	BRADO0189
bra00970	BRADO0771
bra00970	BRADO0868
bra00970	BRADO0908
bra00970	BRADO2029
bra00970	BRADO2031
bra00970	BRADO2587
bra00970	BRADO2916
bra00970	BRADO2971
bra00970	BRADO3294
bra00970	BRADO3359
bra00970	BRADO3532
bra00970	BRADO3829
bra00970	BRADO3881
bra00970	BRADO3974
bra00970	BRADO4044
bra00970	BRADO4052
bra00970	BRADO4124
bra00970	BRADO4125
bra00970	BRADO4154
bra00970	BRADO4401
bra00970	BRADO4486
bra00970	BRADO4489
bra00970	BRADO4491
bra00970	BRADO4699
bra00970	BRADO4895
bra00970	BRADO4981
bra00970	BRADO6038
bra00970	BRADO6067
bra00970	BRADO6745
bra00970	BRADOtRNA1
bra00970	BRADOtRNA10
bra00970	BRADOtRNA11
bra00970	BRADOtRNA12
bra00970	BRADOtRNA13
bra00970	BRADOtRNA14
bra00970	BRADOtRNA15
bra00970	BRADOtRNA16
bra00970	BRADOtRNA17
bra00970	BRADOtRNA18
bra00970	BRADOtRNA19
bra00970	BRADOtRNA2
bra00970	BRADOtRNA20
bra00970	BRADOtRNA21
bra00970	BRADOtRNA22
bra00970	BRADOtRNA23
bra00970	BRADOtRNA24
bra00970	BRADOtRNA25
bra00970	BRADOtRNA26
bra00970	BRADOtRNA27
bra00970	BRADOtRNA28
bra00970	BRADOtRNA29
bra00970	BRADOtRNA3
bra00970	BRADOtRNA30
bra00970	BRADOtRNA31
bra00970	BRADOtRNA32
bra00970	BRADOtRNA33
bra00970	BRADOtRNA34
bra00970	BRADOtRNA35
bra00970	BRADOtRNA36
bra00970	BRADOtRNA37
bra00970	BRADOtRNA38
bra00970	BRADOtRNA39
bra00970	BRADOtRNA4
bra00970	BRADOtRNA40
bra00970	BRADOtRNA41
bra00970	BRADOtRNA43
bra00970	BRADOtRNA44
bra00970	BRADOtRNA45
bra00970	BRADOtRNA46
bra00970	BRADOtRNA48
bra00970	BRADOtRNA49
bra00970	BRADOtRNA5
bra00970	BRADOtRNA50
bra00970	BRADOtRNA6
bra00970	BRADOtRNA7
bra00970	BRADOtRNA8
bra00970	BRADOtRNA9
bra00984	BRADO0929
bra00984	BRADO0983
bra00984	BRADO6960
bra00999	BRADO1577
bra00999	BRADO2346
bra00999	BRADO3844
bra00999	BRADO5239
bra00999	BRADO5961
bra01040	BRADO0310
bra01040	BRADO0400
bra01040	BRADO1905
bra01040	BRADO5640
bra01100	BRADO0005
bra01100	BRADO0015
bra01100	BRADO0021
bra01100	BRADO0028
bra01100	BRADO0030
bra01100	BRADO0061
bra01100	BRADO0062
bra01100	BRADO0063
bra01100	BRADO0066
bra01100	BRADO0075
bra01100	BRADO0077
bra01100	BRADO0078
bra01100	BRADO0080
bra01100	BRADO0082
bra01100	BRADO0088
bra01100	BRADO0089
bra01100	BRADO0090
bra01100	BRADO0091
bra01100	BRADO0092
bra01100	BRADO0097
bra01100	BRADO0098
bra01100	BRADO0124
bra01100	BRADO0130
bra01100	BRADO0157
bra01100	BRADO0158
bra01100	BRADO0160
bra01100	BRADO0162
bra01100	BRADO0174
bra01100	BRADO0180
bra01100	BRADO0198
bra01100	BRADO0200
bra01100	BRADO0201
bra01100	BRADO0212
bra01100	BRADO0214
bra01100	BRADO0215
bra01100	BRADO0216
bra01100	BRADO0217
bra01100	BRADO0218
bra01100	BRADO0229
bra01100	BRADO0232
bra01100	BRADO0233
bra01100	BRADO0234
bra01100	BRADO0235
bra01100	BRADO0243
bra01100	BRADO0254
bra01100	BRADO0256
bra01100	BRADO0266
bra01100	BRADO0277
bra01100	BRADO0280
bra01100	BRADO0301
bra01100	BRADO0311
bra01100	BRADO0323
bra01100	BRADO0328
bra01100	BRADO0334
bra01100	BRADO0336
bra01100	BRADO0338
bra01100	BRADO0344
bra01100	BRADO0353
bra01100	BRADO0358
bra01100	BRADO0360
bra01100	BRADO0365
bra01100	BRADO0374
bra01100	BRADO0383
bra01100	BRADO0393
bra01100	BRADO0403
bra01100	BRADO0404
bra01100	BRADO0405
bra01100	BRADO0406
bra01100	BRADO0407
bra01100	BRADO0409
bra01100	BRADO0416
bra01100	BRADO0417
bra01100	BRADO0418
bra01100	BRADO0419
bra01100	BRADO0420
bra01100	BRADO0429
bra01100	BRADO0430
bra01100	BRADO0431
bra01100	BRADO0510
bra01100	BRADO0511
bra01100	BRADO0512
bra01100	BRADO0519
bra01100	BRADO0522
bra01100	BRADO0539
bra01100	BRADO0546
bra01100	BRADO0555
bra01100	BRADO0556
bra01100	BRADO0562
bra01100	BRADO0563
bra01100	BRADO0567
bra01100	BRADO0574
bra01100	BRADO0576
bra01100	BRADO0588
bra01100	BRADO0591
bra01100	BRADO0592
bra01100	BRADO0601
bra01100	BRADO0606
bra01100	BRADO0609
bra01100	BRADO0613
bra01100	BRADO0614
bra01100	BRADO0617
bra01100	BRADO0618
bra01100	BRADO0646
bra01100	BRADO0653
bra01100	BRADO0662
bra01100	BRADO0669
bra01100	BRADO0683
bra01100	BRADO0684
bra01100	BRADO0701
bra01100	BRADO0716
bra01100	BRADO0734
bra01100	BRADO0741
bra01100	BRADO0743
bra01100	BRADO0748
bra01100	BRADO0754
bra01100	BRADO0757
bra01100	BRADO0761
bra01100	BRADO0771
bra01100	BRADO0774
bra01100	BRADO0775
bra01100	BRADO0779
bra01100	BRADO0790
bra01100	BRADO0818
bra01100	BRADO0827
bra01100	BRADO0854
bra01100	BRADO0860
bra01100	BRADO0861
bra01100	BRADO0866
bra01100	BRADO0867
bra01100	BRADO0868
bra01100	BRADO0870
bra01100	BRADO0875
bra01100	BRADO0895
bra01100	BRADO0898
bra01100	BRADO0901
bra01100	BRADO0908
bra01100	BRADO0921
bra01100	BRADO0922
bra01100	BRADO0929
bra01100	BRADO0962
bra01100	BRADO0965
bra01100	BRADO0973
bra01100	BRADO0981
bra01100	BRADO0982
bra01100	BRADO0983
bra01100	BRADO0987
bra01100	BRADO0994
bra01100	BRADO0995
bra01100	BRADO0999
bra01100	BRADO1000
bra01100	BRADO1001
bra01100	BRADO1011
bra01100	BRADO1013
bra01100	BRADO1037
bra01100	BRADO1038
bra01100	BRADO1039
bra01100	BRADO1041
bra01100	BRADO1059
bra01100	BRADO1063
bra01100	BRADO1064
bra01100	BRADO1065
bra01100	BRADO1067
bra01100	BRADO1069
bra01100	BRADO1076
bra01100	BRADO1083
bra01100	BRADO1085
bra01100	BRADO1089
bra01100	BRADO1117
bra01100	BRADO1119
bra01100	BRADO1120
bra01100	BRADO1122
bra01100	BRADO1124
bra01100	BRADO1126
bra01100	BRADO1131
bra01100	BRADO1138
bra01100	BRADO1139
bra01100	BRADO1146
bra01100	BRADO1151
bra01100	BRADO1153
bra01100	BRADO1164
bra01100	BRADO1185
bra01100	BRADO1196
bra01100	BRADO1197
bra01100	BRADO1198
bra01100	BRADO1205
bra01100	BRADO1206
bra01100	BRADO1223
bra01100	BRADO1224
bra01100	BRADO1227
bra01100	BRADO1229
bra01100	BRADO1266
bra01100	BRADO1318
bra01100	BRADO1325
bra01100	BRADO1337
bra01100	BRADO1339
bra01100	BRADO1380
bra01100	BRADO1385
bra01100	BRADO1387
bra01100	BRADO1395
bra01100	BRADO1396
bra01100	BRADO1399
bra01100	BRADO1404
bra01100	BRADO1419
bra01100	BRADO1430
bra01100	BRADO1440
bra01100	BRADO1441
bra01100	BRADO1442
bra01100	BRADO1447
bra01100	BRADO1452
bra01100	BRADO1456
bra01100	BRADO1471
bra01100	BRADO1491
bra01100	BRADO1492
bra01100	BRADO1528
bra01100	BRADO1529
bra01100	BRADO1531
bra01100	BRADO1532
bra01100	BRADO1534
bra01100	BRADO1562
bra01100	BRADO1563
bra01100	BRADO1564
bra01100	BRADO1565
bra01100	BRADO1573
bra01100	BRADO1575
bra01100	BRADO1576
bra01100	BRADO1577
bra01100	BRADO1602
bra01100	BRADO1603
bra01100	BRADO1604
bra01100	BRADO1605
bra01100	BRADO1606
bra01100	BRADO1607
bra01100	BRADO1610
bra01100	BRADO1611
bra01100	BRADO1613
bra01100	BRADO1614
bra01100	BRADO1615
bra01100	BRADO1616
bra01100	BRADO1626
bra01100	BRADO1630
bra01100	BRADO1632
bra01100	BRADO1634
bra01100	BRADO1639
bra01100	BRADO1640
bra01100	BRADO1641
bra01100	BRADO1642
bra01100	BRADO1643
bra01100	BRADO1649
bra01100	BRADO1651
bra01100	BRADO1652
bra01100	BRADO1653
bra01100	BRADO1655
bra01100	BRADO1656
bra01100	BRADO1657
bra01100	BRADO1658
bra01100	BRADO1659
bra01100	BRADO1660
bra01100	BRADO1666
bra01100	BRADO1707
bra01100	BRADO1719
bra01100	BRADO1720
bra01100	BRADO1721
bra01100	BRADO1722
bra01100	BRADO1753
bra01100	BRADO1754
bra01100	BRADO1760
bra01100	BRADO1769
bra01100	BRADO1776
bra01100	BRADO1777
bra01100	BRADO1786
bra01100	BRADO1789
bra01100	BRADO1792
bra01100	BRADO1793
bra01100	BRADO1796
bra01100	BRADO1803
bra01100	BRADO1805
bra01100	BRADO1806
bra01100	BRADO1812
bra01100	BRADO1813
bra01100	BRADO1814
bra01100	BRADO1815
bra01100	BRADO1842
bra01100	BRADO1844
bra01100	BRADO1871
bra01100	BRADO1872
bra01100	BRADO1874
bra01100	BRADO1875
bra01100	BRADO1881
bra01100	BRADO1891
bra01100	BRADO1934
bra01100	BRADO1937
bra01100	BRADO1972
bra01100	BRADO1973
bra01100	BRADO1974
bra01100	BRADO1976
bra01100	BRADO1977
bra01100	BRADO1986
bra01100	BRADO1991
bra01100	BRADO1992
bra01100	BRADO2006
bra01100	BRADO2012
bra01100	BRADO2022
bra01100	BRADO2034
bra01100	BRADO2036
bra01100	BRADO2038
bra01100	BRADO2045
bra01100	BRADO2048
bra01100	BRADO2062
bra01100	BRADO2068
bra01100	BRADO2070
bra01100	BRADO2076
bra01100	BRADO2088
bra01100	BRADO2093
bra01100	BRADO2102
bra01100	BRADO2106
bra01100	BRADO2114
bra01100	BRADO2115
bra01100	BRADO2131
bra01100	BRADO2132
bra01100	BRADO2133
bra01100	BRADO2134
bra01100	BRADO2140
bra01100	BRADO2146
bra01100	BRADO2151
bra01100	BRADO2153
bra01100	BRADO2154
bra01100	BRADO2161
bra01100	BRADO2166
bra01100	BRADO2168
bra01100	BRADO2179
bra01100	BRADO2184
bra01100	BRADO2185
bra01100	BRADO2242
bra01100	BRADO2243
bra01100	BRADO2244
bra01100	BRADO2247
bra01100	BRADO2259
bra01100	BRADO2260
bra01100	BRADO2265
bra01100	BRADO2271
bra01100	BRADO2272
bra01100	BRADO2274
bra01100	BRADO2275
bra01100	BRADO2302
bra01100	BRADO2308
bra01100	BRADO2312
bra01100	BRADO2315
bra01100	BRADO2323
bra01100	BRADO2337
bra01100	BRADO2338
bra01100	BRADO2340
bra01100	BRADO2341
bra01100	BRADO2342
bra01100	BRADO2343
bra01100	BRADO2346
bra01100	BRADO2347
bra01100	BRADO2352
bra01100	BRADO2359
bra01100	BRADO2360
bra01100	BRADO2366
bra01100	BRADO2379
bra01100	BRADO2380
bra01100	BRADO2391
bra01100	BRADO2393
bra01100	BRADO2396
bra01100	BRADO2397
bra01100	BRADO2398
bra01100	BRADO2402
bra01100	BRADO2408
bra01100	BRADO2409
bra01100	BRADO2410
bra01100	BRADO2411
bra01100	BRADO2412
bra01100	BRADO2424
bra01100	BRADO2438
bra01100	BRADO2439
bra01100	BRADO2440
bra01100	BRADO2441
bra01100	BRADO2453
bra01100	BRADO2457
bra01100	BRADO2458
bra01100	BRADO2460
bra01100	BRADO2470
bra01100	BRADO2475
bra01100	BRADO2476
bra01100	BRADO2481
bra01100	BRADO2485
bra01100	BRADO2486
bra01100	BRADO2487
bra01100	BRADO2488
bra01100	BRADO2491
bra01100	BRADO2492
bra01100	BRADO2494
bra01100	BRADO2496
bra01100	BRADO2507
bra01100	BRADO2519
bra01100	BRADO2520
bra01100	BRADO2521
bra01100	BRADO2522
bra01100	BRADO2523
bra01100	BRADO2524
bra01100	BRADO2525
bra01100	BRADO2532
bra01100	BRADO2534
bra01100	BRADO2535
bra01100	BRADO2536
bra01100	BRADO2565
bra01100	BRADO2571
bra01100	BRADO2575
bra01100	BRADO2579
bra01100	BRADO2580
bra01100	BRADO2582
bra01100	BRADO2587
bra01100	BRADO2591
bra01100	BRADO2593
bra01100	BRADO2594
bra01100	BRADO2595
bra01100	BRADO2597
bra01100	BRADO2598
bra01100	BRADO2613
bra01100	BRADO2614
bra01100	BRADO2630
bra01100	BRADO2632
bra01100	BRADO2635
bra01100	BRADO2663
bra01100	BRADO2679
bra01100	BRADO2682
bra01100	BRADO2683
bra01100	BRADO2684
bra01100	BRADO2685
bra01100	BRADO2714
bra01100	BRADO2718
bra01100	BRADO2724
bra01100	BRADO2747
bra01100	BRADO2754
bra01100	BRADO2759
bra01100	BRADO2770
bra01100	BRADO2774
bra01100	BRADO2776
bra01100	BRADO2777
bra01100	BRADO2779
bra01100	BRADO2785
bra01100	BRADO2791
bra01100	BRADO2796
bra01100	BRADO2801
bra01100	BRADO2802
bra01100	BRADO2810
bra01100	BRADO2830
bra01100	BRADO2840
bra01100	BRADO2841
bra01100	BRADO2842
bra01100	BRADO2855
bra01100	BRADO2866
bra01100	BRADO2872
bra01100	BRADO2877
bra01100	BRADO2882
bra01100	BRADO2883
bra01100	BRADO2884
bra01100	BRADO2909
bra01100	BRADO2911
bra01100	BRADO2916
bra01100	BRADO2929
bra01100	BRADO2940
bra01100	BRADO2952
bra01100	BRADO2984
bra01100	BRADO2985
bra01100	BRADO2990
bra01100	BRADO2991
bra01100	BRADO3016
bra01100	BRADO3025
bra01100	BRADO3035
bra01100	BRADO3042
bra01100	BRADO3087
bra01100	BRADO3101
bra01100	BRADO3102
bra01100	BRADO3103
bra01100	BRADO3110
bra01100	BRADO3126
bra01100	BRADO3130
bra01100	BRADO3134
bra01100	BRADO3137
bra01100	BRADO3140
bra01100	BRADO3141
bra01100	BRADO3150
bra01100	BRADO3160
bra01100	BRADO3161
bra01100	BRADO3165
bra01100	BRADO3169
bra01100	BRADO3179
bra01100	BRADO3180
bra01100	BRADO3181
bra01100	BRADO3182
bra01100	BRADO3183
bra01100	BRADO3184
bra01100	BRADO3185
bra01100	BRADO3229
bra01100	BRADO3230
bra01100	BRADO3249
bra01100	BRADO3250
bra01100	BRADO3251
bra01100	BRADO3258
bra01100	BRADO3259
bra01100	BRADO3280
bra01100	BRADO3301
bra01100	BRADO3310
bra01100	BRADO3311
bra01100	BRADO3313
bra01100	BRADO3314
bra01100	BRADO3317
bra01100	BRADO3321
bra01100	BRADO3323
bra01100	BRADO3328
bra01100	BRADO3334
bra01100	BRADO3340
bra01100	BRADO3343
bra01100	BRADO3344
bra01100	BRADO3345
bra01100	BRADO3367
bra01100	BRADO3371
bra01100	BRADO3377
bra01100	BRADO3383
bra01100	BRADO3395
bra01100	BRADO3405
bra01100	BRADO3420
bra01100	BRADO3421
bra01100	BRADO3422
bra01100	BRADO3444
bra01100	BRADO3455
bra01100	BRADO3475
bra01100	BRADO3492
bra01100	BRADO3500
bra01100	BRADO3501
bra01100	BRADO3502
bra01100	BRADO3514
bra01100	BRADO3518
bra01100	BRADO3525
bra01100	BRADO3533
bra01100	BRADO3534
bra01100	BRADO3539
bra01100	BRADO3544
bra01100	BRADO3552
bra01100	BRADO3558
bra01100	BRADO3559
bra01100	BRADO3568
bra01100	BRADO3572
bra01100	BRADO3573
bra01100	BRADO3574
bra01100	BRADO3588
bra01100	BRADO3590
bra01100	BRADO3594
bra01100	BRADO3598
bra01100	BRADO3663
bra01100	BRADO3665
bra01100	BRADO3672
bra01100	BRADO3679
bra01100	BRADO3680
bra01100	BRADO3681
bra01100	BRADO3740
bra01100	BRADO3748
bra01100	BRADO3760
bra01100	BRADO3763
bra01100	BRADO3780
bra01100	BRADO3787
bra01100	BRADO3793
bra01100	BRADO3794
bra01100	BRADO3796
bra01100	BRADO3797
bra01100	BRADO3798
bra01100	BRADO3803
bra01100	BRADO3810
bra01100	BRADO3813
bra01100	BRADO3826
bra01100	BRADO3827
bra01100	BRADO3829
bra01100	BRADO3831
bra01100	BRADO3833
bra01100	BRADO3844
bra01100	BRADO3845
bra01100	BRADO3846
bra01100	BRADO3849
bra01100	BRADO3851
bra01100	BRADO3860
bra01100	BRADO3863
bra01100	BRADO3869
bra01100	BRADO3870
bra01100	BRADO3879
bra01100	BRADO3897
bra01100	BRADO3909
bra01100	BRADO3914
bra01100	BRADO3920
bra01100	BRADO3953
bra01100	BRADO3974
bra01100	BRADO3987
bra01100	BRADO3992
bra01100	BRADO3997
bra01100	BRADO4011
bra01100	BRADO4032
bra01100	BRADO4042
bra01100	BRADO4050
bra01100	BRADO4053
bra01100	BRADO4066
bra01100	BRADO4067
bra01100	BRADO4071
bra01100	BRADO4080
bra01100	BRADO4082
bra01100	BRADO4083
bra01100	BRADO4084
bra01100	BRADO4086
bra01100	BRADO4087
bra01100	BRADO4094
bra01100	BRADO4095
bra01100	BRADO4101
bra01100	BRADO4103
bra01100	BRADO4107
bra01100	BRADO4109
bra01100	BRADO4110
bra01100	BRADO4111
bra01100	BRADO4119
bra01100	BRADO4124
bra01100	BRADO4125
bra01100	BRADO4126
bra01100	BRADO4127
bra01100	BRADO4128
bra01100	BRADO4129
bra01100	BRADO4130
bra01100	BRADO4131
bra01100	BRADO4134
bra01100	BRADO4135
bra01100	BRADO4138
bra01100	BRADO4166
bra01100	BRADO4168
bra01100	BRADO4170
bra01100	BRADO4171
bra01100	BRADO4172
bra01100	BRADO4173
bra01100	BRADO4174
bra01100	BRADO4175
bra01100	BRADO4176
bra01100	BRADO4177
bra01100	BRADO4178
bra01100	BRADO4179
bra01100	BRADO4181
bra01100	BRADO4183
bra01100	BRADO4184
bra01100	BRADO4185
bra01100	BRADO4186
bra01100	BRADO4205
bra01100	BRADO4221
bra01100	BRADO4225
bra01100	BRADO4247
bra01100	BRADO4269
bra01100	BRADO4275
bra01100	BRADO4310
bra01100	BRADO4314
bra01100	BRADO4331
bra01100	BRADO4347
bra01100	BRADO4348
bra01100	BRADO4349
bra01100	BRADO4350
bra01100	BRADO4353
bra01100	BRADO4361
bra01100	BRADO4392
bra01100	BRADO4399
bra01100	BRADO4401
bra01100	BRADO4407
bra01100	BRADO4417
bra01100	BRADO4418
bra01100	BRADO4424
bra01100	BRADO4426
bra01100	BRADO4427
bra01100	BRADO4428
bra01100	BRADO4430
bra01100	BRADO4436
bra01100	BRADO4443
bra01100	BRADO4454
bra01100	BRADO4456
bra01100	BRADO4466
bra01100	BRADO4467
bra01100	BRADO4468
bra01100	BRADO4475
bra01100	BRADO4486
bra01100	BRADO4489
bra01100	BRADO4491
bra01100	BRADO4492
bra01100	BRADO4493
bra01100	BRADO4502
bra01100	BRADO4503
bra01100	BRADO4504
bra01100	BRADO4529
bra01100	BRADO4530
bra01100	BRADO4531
bra01100	BRADO4539
bra01100	BRADO4554
bra01100	BRADO4559
bra01100	BRADO4568
bra01100	BRADO4577
bra01100	BRADO4578
bra01100	BRADO4609
bra01100	BRADO4613
bra01100	BRADO4614
bra01100	BRADO4642
bra01100	BRADO4665
bra01100	BRADO4676
bra01100	BRADO4677
bra01100	BRADO4678
bra01100	BRADO4679
bra01100	BRADO4682
bra01100	BRADO4691
bra01100	BRADO4692
bra01100	BRADO4696
bra01100	BRADO4702
bra01100	BRADO4703
bra01100	BRADO4704
bra01100	BRADO4712
bra01100	BRADO4714
bra01100	BRADO4715
bra01100	BRADO4718
bra01100	BRADO4744
bra01100	BRADO4763
bra01100	BRADO4764
bra01100	BRADO4769
bra01100	BRADO4777
bra01100	BRADO4793
bra01100	BRADO4794
bra01100	BRADO4802
bra01100	BRADO4808
bra01100	BRADO4810
bra01100	BRADO4822
bra01100	BRADO4830
bra01100	BRADO4835
bra01100	BRADO4873
bra01100	BRADO4878
bra01100	BRADO4895
bra01100	BRADO4896
bra01100	BRADO4897
bra01100	BRADO4898
bra01100	BRADO4899
bra01100	BRADO4900
bra01100	BRADO4901
bra01100	BRADO4902
bra01100	BRADO4903
bra01100	BRADO4904
bra01100	BRADO4905
bra01100	BRADO4906
bra01100	BRADO4907
bra01100	BRADO4911
bra01100	BRADO4912
bra01100	BRADO4913
bra01100	BRADO4914
bra01100	BRADO4915
bra01100	BRADO4916
bra01100	BRADO4917
bra01100	BRADO4918
bra01100	BRADO4919
bra01100	BRADO4922
bra01100	BRADO4939
bra01100	BRADO4945
bra01100	BRADO4946
bra01100	BRADO4947
bra01100	BRADO4955
bra01100	BRADO4956
bra01100	BRADO4975
bra01100	BRADO4976
bra01100	BRADO4977
bra01100	BRADO4979
bra01100	BRADO4982
bra01100	BRADO4983
bra01100	BRADO4984
bra01100	BRADO5016
bra01100	BRADO5020
bra01100	BRADO5041
bra01100	BRADO5059
bra01100	BRADO5091
bra01100	BRADO5093
bra01100	BRADO5094
bra01100	BRADO5096
bra01100	BRADO5116
bra01100	BRADO5133
bra01100	BRADO5147
bra01100	BRADO5152
bra01100	BRADO5153
bra01100	BRADO5154
bra01100	BRADO5156
bra01100	BRADO5165
bra01100	BRADO5167
bra01100	BRADO5168
bra01100	BRADO5169
bra01100	BRADO5170
bra01100	BRADO5190
bra01100	BRADO5192
bra01100	BRADO5193
bra01100	BRADO5196
bra01100	BRADO5200
bra01100	BRADO5201
bra01100	BRADO5202
bra01100	BRADO5203
bra01100	BRADO5204
bra01100	BRADO5205
bra01100	BRADO5207
bra01100	BRADO5209
bra01100	BRADO5238
bra01100	BRADO5239
bra01100	BRADO5257
bra01100	BRADO5258
bra01100	BRADO5259
bra01100	BRADO5260
bra01100	BRADO5264
bra01100	BRADO5277
bra01100	BRADO5278
bra01100	BRADO5308
bra01100	BRADO5310
bra01100	BRADO5322
bra01100	BRADO5323
bra01100	BRADO5349
bra01100	BRADO5350
bra01100	BRADO5351
bra01100	BRADO5353
bra01100	BRADO5354
bra01100	BRADO5355
bra01100	BRADO5356
bra01100	BRADO5358
bra01100	BRADO5368
bra01100	BRADO5389
bra01100	BRADO5390
bra01100	BRADO5394
bra01100	BRADO5403
bra01100	BRADO5423
bra01100	BRADO5429
bra01100	BRADO5438
bra01100	BRADO5439
bra01100	BRADO5440
bra01100	BRADO5444
bra01100	BRADO5460
bra01100	BRADO5470
bra01100	BRADO5480
bra01100	BRADO5484
bra01100	BRADO5486
bra01100	BRADO5487
bra01100	BRADO5494
bra01100	BRADO5506
bra01100	BRADO5507
bra01100	BRADO5516
bra01100	BRADO5517
bra01100	BRADO5528
bra01100	BRADO5559
bra01100	BRADO5562
bra01100	BRADO5563
bra01100	BRADO5564
bra01100	BRADO5567
bra01100	BRADO5568
bra01100	BRADO5576
bra01100	BRADO5578
bra01100	BRADO5584
bra01100	BRADO5589
bra01100	BRADO5592
bra01100	BRADO5598
bra01100	BRADO5603
bra01100	BRADO5609
bra01100	BRADO5611
bra01100	BRADO5640
bra01100	BRADO5652
bra01100	BRADO5656
bra01100	BRADO5657
bra01100	BRADO5658
bra01100	BRADO5659
bra01100	BRADO5661
bra01100	BRADO5662
bra01100	BRADO5663
bra01100	BRADO5664
bra01100	BRADO5665
bra01100	BRADO5689
bra01100	BRADO5690
bra01100	BRADO5691
bra01100	BRADO5693
bra01100	BRADO5694
bra01100	BRADO5696
bra01100	BRADO5709
bra01100	BRADO5711
bra01100	BRADO5712
bra01100	BRADO5713
bra01100	BRADO5718
bra01100	BRADO5724
bra01100	BRADO5744
bra01100	BRADO5754
bra01100	BRADO5762
bra01100	BRADO5768
bra01100	BRADO5769
bra01100	BRADO5781
bra01100	BRADO5788
bra01100	BRADO5789
bra01100	BRADO5790
bra01100	BRADO5798
bra01100	BRADO5801
bra01100	BRADO5802
bra01100	BRADO5809
bra01100	BRADO5810
bra01100	BRADO5811
bra01100	BRADO5812
bra01100	BRADO5815
bra01100	BRADO5816
bra01100	BRADO5817
bra01100	BRADO5818
bra01100	BRADO5819
bra01100	BRADO5820
bra01100	BRADO5839
bra01100	BRADO5848
bra01100	BRADO5849
bra01100	BRADO5863
bra01100	BRADO5864
bra01100	BRADO5867
bra01100	BRADO5869
bra01100	BRADO5878
bra01100	BRADO5879
bra01100	BRADO5880
bra01100	BRADO5881
bra01100	BRADO5883
bra01100	BRADO5884
bra01100	BRADO5885
bra01100	BRADO5893
bra01100	BRADO5912
bra01100	BRADO5916
bra01100	BRADO5917
bra01100	BRADO5935
bra01100	BRADO5948
bra01100	BRADO5949
bra01100	BRADO5951
bra01100	BRADO5952
bra01100	BRADO5957
bra01100	BRADO5958
bra01100	BRADO5961
bra01100	BRADO5973
bra01100	BRADO5975
bra01100	BRADO6000
bra01100	BRADO6002
bra01100	BRADO6033
bra01100	BRADO6035
bra01100	BRADO6037
bra01100	BRADO6039
bra01100	BRADO6045
bra01100	BRADO6057
bra01100	BRADO6059
bra01100	BRADO6061
bra01100	BRADO6066
bra01100	BRADO6074
bra01100	BRADO6075
bra01100	BRADO6083
bra01100	BRADO6088
bra01100	BRADO6095
bra01100	BRADO6096
bra01100	BRADO6099
bra01100	BRADO6102
bra01100	BRADO6106
bra01100	BRADO6107
bra01100	BRADO6122
bra01100	BRADO6123
bra01100	BRADO6131
bra01100	BRADO6132
bra01100	BRADO6142
bra01100	BRADO6144
bra01100	BRADO6163
bra01100	BRADO6165
bra01100	BRADO6170
bra01100	BRADO6175
bra01100	BRADO6215
bra01100	BRADO6238
bra01100	BRADO6240
bra01100	BRADO6245
bra01100	BRADO6249
bra01100	BRADO6260
bra01100	BRADO6290
bra01100	BRADO6299
bra01100	BRADO6319
bra01100	BRADO6324
bra01100	BRADO6353
bra01100	BRADO6361
bra01100	BRADO6363
bra01100	BRADO6424
bra01100	BRADO6428
bra01100	BRADO6461
bra01100	BRADO6463
bra01100	BRADO6464
bra01100	BRADO6466
bra01100	BRADO6467
bra01100	BRADO6484
bra01100	BRADO6485
bra01100	BRADO6487
bra01100	BRADO6490
bra01100	BRADO6493
bra01100	BRADO6506
bra01100	BRADO6507
bra01100	BRADO6508
bra01100	BRADO6509
bra01100	BRADO6525
bra01100	BRADO6555
bra01100	BRADO6562
bra01100	BRADO6576
bra01100	BRADO6579
bra01100	BRADO6585
bra01100	BRADO6587
bra01100	BRADO6588
bra01100	BRADO6593
bra01100	BRADO6611
bra01100	BRADO6612
bra01100	BRADO6613
bra01100	BRADO6614
bra01100	BRADO6615
bra01100	BRADO6625
bra01100	BRADO6627
bra01100	BRADO6634
bra01100	BRADO6637
bra01100	BRADO6639
bra01100	BRADO6642
bra01100	BRADO6647
bra01100	BRADO6656
bra01100	BRADO6663
bra01100	BRADO6664
bra01100	BRADO6665
bra01100	BRADO6672
bra01100	BRADO6686
bra01100	BRADO6687
bra01100	BRADO6688
bra01100	BRADO6689
bra01100	BRADO6693
bra01100	BRADO6697
bra01100	BRADO6702
bra01100	BRADO6703
bra01100	BRADO6705
bra01100	BRADO6706
bra01100	BRADO6707
bra01100	BRADO6718
bra01100	BRADO6720
bra01100	BRADO6723
bra01100	BRADO6724
bra01100	BRADO6725
bra01100	BRADO6742
bra01100	BRADO6744
bra01100	BRADO6760
bra01100	BRADO6769
bra01100	BRADO6770
bra01100	BRADO6778
bra01100	BRADO6779
bra01100	BRADO6791
bra01100	BRADO6795
bra01100	BRADO6813
bra01100	BRADO6814
bra01100	BRADO6818
bra01100	BRADO6835
bra01100	BRADO6836
bra01100	BRADO6842
bra01100	BRADO6846
bra01100	BRADO6847
bra01100	BRADO6848
bra01100	BRADO6849
bra01100	BRADO6851
bra01100	BRADO6867
bra01100	BRADO6869
bra01100	BRADO6881
bra01100	BRADO6892
bra01100	BRADO6903
bra01100	BRADO6904
bra01100	BRADO6906
bra01100	BRADO6909
bra01100	BRADO6912
bra01100	BRADO6913
bra01100	BRADO6914
bra01100	BRADO6952
bra01100	BRADO6953
bra01100	BRADO6960
bra01100	BRADO6961
bra01100	BRADO6964
bra01100	BRADO6966
bra01100	BRADO6969
bra01100	BRADO6985
bra01100	BRADO7016
bra01100	BRADO7026
bra01100	BRADO7027
bra01100	BRADO7028
bra01100	BRADO7029
bra01100	BRADO7047
bra01100	BRADO7095
bra01100	BRADO7111
bra01100	BRADO7112
bra01100	BRADO7139
bra01110	BRADO0015
bra01110	BRADO0021
bra01110	BRADO0061
bra01110	BRADO0066
bra01110	BRADO0075
bra01110	BRADO0089
bra01110	BRADO0090
bra01110	BRADO0091
bra01110	BRADO0092
bra01110	BRADO0098
bra01110	BRADO0157
bra01110	BRADO0158
bra01110	BRADO0162
bra01110	BRADO0198
bra01110	BRADO0212
bra01110	BRADO0214
bra01110	BRADO0215
bra01110	BRADO0216
bra01110	BRADO0217
bra01110	BRADO0232
bra01110	BRADO0233
bra01110	BRADO0234
bra01110	BRADO0235
bra01110	BRADO0243
bra01110	BRADO0266
bra01110	BRADO0301
bra01110	BRADO0303
bra01110	BRADO0311
bra01110	BRADO0328
bra01110	BRADO0338
bra01110	BRADO0344
bra01110	BRADO0353
bra01110	BRADO0358
bra01110	BRADO0365
bra01110	BRADO0374
bra01110	BRADO0383
bra01110	BRADO0403
bra01110	BRADO0404
bra01110	BRADO0405
bra01110	BRADO0406
bra01110	BRADO0407
bra01110	BRADO0409
bra01110	BRADO0430
bra01110	BRADO0431
bra01110	BRADO0511
bra01110	BRADO0512
bra01110	BRADO0546
bra01110	BRADO0555
bra01110	BRADO0562
bra01110	BRADO0574
bra01110	BRADO0576
bra01110	BRADO0588
bra01110	BRADO0592
bra01110	BRADO0601
bra01110	BRADO0606
bra01110	BRADO0609
bra01110	BRADO0613
bra01110	BRADO0614
bra01110	BRADO0653
bra01110	BRADO0662
bra01110	BRADO0669
bra01110	BRADO0739
bra01110	BRADO0741
bra01110	BRADO0743
bra01110	BRADO0757
bra01110	BRADO0779
bra01110	BRADO0818
bra01110	BRADO0860
bra01110	BRADO0921
bra01110	BRADO0929
bra01110	BRADO0965
bra01110	BRADO0973
bra01110	BRADO0981
bra01110	BRADO0983
bra01110	BRADO0994
bra01110	BRADO0999
bra01110	BRADO1059
bra01110	BRADO1063
bra01110	BRADO1064
bra01110	BRADO1065
bra01110	BRADO1083
bra01110	BRADO1085
bra01110	BRADO1089
bra01110	BRADO1117
bra01110	BRADO1120
bra01110	BRADO1122
bra01110	BRADO1124
bra01110	BRADO1126
bra01110	BRADO1153
bra01110	BRADO1185
bra01110	BRADO1205
bra01110	BRADO1206
bra01110	BRADO1214
bra01110	BRADO1229
bra01110	BRADO1265
bra01110	BRADO1266
bra01110	BRADO1318
bra01110	BRADO1325
bra01110	BRADO1337
bra01110	BRADO1339
bra01110	BRADO1380
bra01110	BRADO1385
bra01110	BRADO1387
bra01110	BRADO1404
bra01110	BRADO1442
bra01110	BRADO1452
bra01110	BRADO1573
bra01110	BRADO1575
bra01110	BRADO1576
bra01110	BRADO1577
bra01110	BRADO1606
bra01110	BRADO1607
bra01110	BRADO1610
bra01110	BRADO1611
bra01110	BRADO1613
bra01110	BRADO1614
bra01110	BRADO1615
bra01110	BRADO1616
bra01110	BRADO1617
bra01110	BRADO1618
bra01110	BRADO1619
bra01110	BRADO1620
bra01110	BRADO1626
bra01110	BRADO1632
bra01110	BRADO1634
bra01110	BRADO1638
bra01110	BRADO1639
bra01110	BRADO1640
bra01110	BRADO1641
bra01110	BRADO1642
bra01110	BRADO1643
bra01110	BRADO1649
bra01110	BRADO1651
bra01110	BRADO1652
bra01110	BRADO1653
bra01110	BRADO1655
bra01110	BRADO1657
bra01110	BRADO1658
bra01110	BRADO1659
bra01110	BRADO1660
bra01110	BRADO1666
bra01110	BRADO1707
bra01110	BRADO1760
bra01110	BRADO1815
bra01110	BRADO1842
bra01110	BRADO1871
bra01110	BRADO1874
bra01110	BRADO1875
bra01110	BRADO1908
bra01110	BRADO1937
bra01110	BRADO1972
bra01110	BRADO1991
bra01110	BRADO2022
bra01110	BRADO2023
bra01110	BRADO2034
bra01110	BRADO2069
bra01110	BRADO2076
bra01110	BRADO2093
bra01110	BRADO2132
bra01110	BRADO2133
bra01110	BRADO2134
bra01110	BRADO2151
bra01110	BRADO2153
bra01110	BRADO2161
bra01110	BRADO2166
bra01110	BRADO2244
bra01110	BRADO2274
bra01110	BRADO2275
bra01110	BRADO2308
bra01110	BRADO2323
bra01110	BRADO2327
bra01110	BRADO2346
bra01110	BRADO2393
bra01110	BRADO2453
bra01110	BRADO2457
bra01110	BRADO2458
bra01110	BRADO2485
bra01110	BRADO2486
bra01110	BRADO2487
bra01110	BRADO2496
bra01110	BRADO2535
bra01110	BRADO2565
bra01110	BRADO2575
bra01110	BRADO2582
bra01110	BRADO2591
bra01110	BRADO2597
bra01110	BRADO2632
bra01110	BRADO2635
bra01110	BRADO2663
bra01110	BRADO2714
bra01110	BRADO2754
bra01110	BRADO2759
bra01110	BRADO2776
bra01110	BRADO2777
bra01110	BRADO2779
bra01110	BRADO2785
bra01110	BRADO2796
bra01110	BRADO2830
bra01110	BRADO2842
bra01110	BRADO2866
bra01110	BRADO2909
bra01110	BRADO2911
bra01110	BRADO2940
bra01110	BRADO2985
bra01110	BRADO3025
bra01110	BRADO3035
bra01110	BRADO3087
bra01110	BRADO3110
bra01110	BRADO3126
bra01110	BRADO3130
bra01110	BRADO3134
bra01110	BRADO3141
bra01110	BRADO3165
bra01110	BRADO3249
bra01110	BRADO3280
bra01110	BRADO3310
bra01110	BRADO3311
bra01110	BRADO3313
bra01110	BRADO3321
bra01110	BRADO3334
bra01110	BRADO3344
bra01110	BRADO3345
bra01110	BRADO3383
bra01110	BRADO3395
bra01110	BRADO3421
bra01110	BRADO3422
bra01110	BRADO3492
bra01110	BRADO3500
bra01110	BRADO3501
bra01110	BRADO3502
bra01110	BRADO3525
bra01110	BRADO3558
bra01110	BRADO3559
bra01110	BRADO3572
bra01110	BRADO3573
bra01110	BRADO3590
bra01110	BRADO3594
bra01110	BRADO3748
bra01110	BRADO3780
bra01110	BRADO3781
bra01110	BRADO3787
bra01110	BRADO3810
bra01110	BRADO3813
bra01110	BRADO3844
bra01110	BRADO3860
bra01110	BRADO3863
bra01110	BRADO3869
bra01110	BRADO3897
bra01110	BRADO3909
bra01110	BRADO3914
bra01110	BRADO3987
bra01110	BRADO3992
bra01110	BRADO4011
bra01110	BRADO4032
bra01110	BRADO4042
bra01110	BRADO4063
bra01110	BRADO4080
bra01110	BRADO4082
bra01110	BRADO4083
bra01110	BRADO4084
bra01110	BRADO4086
bra01110	BRADO4087
bra01110	BRADO4094
bra01110	BRADO4107
bra01110	BRADO4109
bra01110	BRADO4110
bra01110	BRADO4125
bra01110	BRADO4126
bra01110	BRADO4134
bra01110	BRADO4135
bra01110	BRADO4136
bra01110	BRADO4205
bra01110	BRADO4225
bra01110	BRADO4275
bra01110	BRADO4310
bra01110	BRADO4314
bra01110	BRADO4331
bra01110	BRADO4392
bra01110	BRADO4418
bra01110	BRADO4426
bra01110	BRADO4427
bra01110	BRADO4428
bra01110	BRADO4430
bra01110	BRADO4436
bra01110	BRADO4456
bra01110	BRADO4466
bra01110	BRADO4475
bra01110	BRADO4504
bra01110	BRADO4554
bra01110	BRADO4642
bra01110	BRADO4691
bra01110	BRADO4692
bra01110	BRADO4696
bra01110	BRADO4703
bra01110	BRADO4704
bra01110	BRADO4714
bra01110
