sample_id,condition,preservative,genotype
AL0D_1_GLbulkRNAseq_sub,0_cGy,DRS,antho_less
AL0D_2_GLbulkRNAseq_sub,0_cGy,DRS,antho_less
AL0D_3_GLbulkRNAseq_sub,0_cGy,DRS,antho_less
AL0D_4_GLbulkRNAseq_sub,0_cGy,DRS,antho_less
AL0D_5_GLbulkRNAseq_sub,0_cGy,DRS,antho_less
AL0R_1_GLbulkRNAseq_sub,0_cGy,RL,antho_less
AL0R_2_GLbulkRNAseq_sub,0_cGy,RL,antho_less
AL0R_3_GLbulkRNAseq_sub,0_cGy,RL,antho_less
AL0R_4_GLbulkRNAseq_sub,0_cGy,RL,antho_less
AL0R_5_GLbulkRNAseq_sub,0_cGy,RL,antho_less
AL40D_1_GLbulkRNAseq_sub,40_cGy,DRS,antho_less
AL40D_2_GLbulkRNAseq_sub,40_cGy,DRS,antho_less
AL40D_3_GLbulkRNAseq_sub,40_cGy,DRS,antho_less
AL40D_4_GLbulkRNAseq_sub,40_cGy,DRS,antho_less
AL40D_5_GLbulkRNAseq_sub,40_cGy,DRS,antho_less
AL40R_1_GLbulkRNAseq_sub,40_cGy,RL,antho_less
AL40R_2_GLbulkRNAseq_sub,40_cGy,RL,antho_less
AL40R_3_GLbulkRNAseq_sub,40_cGy,RL,antho_less
AL40R_4_GLbulkRNAseq_sub,40_cGy,RL,antho_less
W0D_1_GLbulkRNAseq_sub,0_cGy,DRS,WT
W0D_2_GLbulkRNAseq_sub,0_cGy,DRS,WT
W0D_3_GLbulkRNAseq_sub,0_cGy,DRS,WT
W0D_4_GLbulkRNAseq_sub,0_cGy,DRS,WT
W0D_5_GLbulkRNAseq_sub,0_cGy,DRS,WT
W0R_1_GLbulkRNAseq_sub,0_cGy,RL,WT
W0R_2_GLbulkRNAseq_sub,0_cGy,RL,WT
W0R_3_GLbulkRNAseq_sub,0_cGy,RL,WT
W0R_4_GLbulkRNAseq_sub,0_cGy,RL,WT
W0R_5_GLbulkRNAseq_sub,0_cGy,RL,WT
W40D_1_GLbulkRNAseq_sub,40_cGy,DRS,WT
W40D_2_GLbulkRNAseq_sub,40_cGy,DRS,WT
W40D_3_GLbulkRNAseq_sub,40_cGy,DRS,WT
W40D_4_GLbulkRNAseq_sub,40_cGy,DRS,WT
W40D_5_GLbulkRNAseq_sub,40_cGy,DRS,WT
W40R_1_GLbulkRNAseq_sub,40_cGy,RL,WT
W40R_2_GLbulkRNAseq_sub,40_cGy,RL,WT
W40R_3_GLbulkRNAseq_sub,40_cGy,RL,WT
W40R_4_GLbulkRNAseq_sub,40_cGy,RL,WT
W40R_5_GLbulkRNAseq_sub,40_cGy,RL,WT
